time_ms,angle
597,-2.47
35611,-2.47
35624,-2.48
35638,-2.48
35651,-2.48
35664,-2.20
35679,-2.48
35692,-2.20
35705,-2.20
35719,-20
35597,-2.47
35611,-2.47
35624,-2.48
35638,-2.48
35651,-2.48
35664,-2.20
35679,-2.48
35692,-2.20
35705,-2.20
35719,-0,-2.47
11,-2.19
22,-2.19
32,-2.19
44,-2.45
55,-2.48
66,-2.48
77,-2.20
88,-2.47
99,-2.47
110,-2.19
121,-2.20
132,-2.47
143,-2.21
154,-2.48
165,-2.19
177,-2.47
187,-2.21
198,-2.19
209,-2.48
221,-2.20
232,-2.48
243,-2.19
253,-2.20
265,-2.47
276,-2.20
287,-2.20
299,-2.20
309,-2.19
320,-2.19
331,-2.48
343,-2.47
354,-2.47
364,-2.20
375,-2.20
387,-2.48
398,-2.48
409,-2.76
420,-2.48
431,-2.19
442,-2.20
453,-2.20
464,-2.19
476,-2.19
486,-2.48
497,-2.47
508,-2.48
520,-2.20
531,-2.48
542,-2.20
552,-2.20
564,-2.22
575,-1.05
586,-2.23
598,-2.71
608,-2.80
619,-2.45
630,-2.20
642,-2.18
653,-2.18
663,-2.49
674,-2.48
686,-2.49
697,-2.48
708,-2.20
719,-2.20
730,-2.19
741,-2.49
752,-2.20
763,-2.20
775,-2.48
785,-2.48
796,-2.19
807,-2.19
819,-2.48
830,-2.19
841,-2.47
851,-2.18
863,-2.47
874,-2.19
885,-2.20
897,-2.48
907,-2.47
918,-2.20
929,-2.48
941,-2.20
952,-2.20
962,-2.20
973,-2.19
985,-2.19
996,-2.19
1007,-2.19
1018,-2.48
1029,-2.48
1040,-2.48
1051,-2.20
1062,-2.48
1074,-2.20
1085,-2.47
1096,-2.20
1106,-2.48
1118,-2.20
1129,-2.18
1140,-2.20
1152,-2.19
1163,-2.19
1174,-2.20
1184,-2.47
1196,-2.19
1207,-2.19
1218,-2.20
1229,-2.19
1242,-2.48
1254,-2.19
1267,-2.48
1280,-2.47
1292,-2.79
1304,-2.19
1316,-2.50
1330,-2.19
1342,-2.75
1354,-2.19
1367,-2.20
1379,-2.20
1391,-2.19
1404,-2.49
1417,-2.18
1429,-2.47
1441,-2.47
1454,-2.48
1467,-2.75
1479,-1.63
1491,-2.20
1504,-2.48
1516,-1.92
1529,-2.75
1542,-2.48
1554,-2.47
1566,-2.47
1579,-2.20
1591,-2.47
1604,-2.47
1616,-2.20
1629,-2.47
1641,-2.47
1653,-2.20
1667,-2.19
1679,-2.47
1691,-2.47
1703,-2.49
1716,-2.19
1729,-2.47
1741,-2.19
1754,-2.47
1766,-2.47
1778,-2.75
1790,-2.48
1804,-2.48
1816,-2.47
1828,-2.20
1841,-2.77
1853,-2.47
1866,-2.48
1879,-2.47
1891,-2.47
1903,-2.48
1915,-2.76
1929,-2.19
1941,-2.19
1953,-2.47
1966,-2.19
1978,-2.47
1990,-2.48
2003,-2.21
2016,-2.48
2028,-2.47
2040,-2.20
2053,-2.20
2066,-2.20
2078,-2.76
2091,-2.49
2103,-2.20
2115,-4.16
2128,-2.20
2141,-1.05
2153,12.52
2165,4.13
2177,2.13
2188,2.26
2200,-1.94
2212,-7.47
2225,-11.07
2238,-10.25
2251,-7.23
2265,-1.62
2277,-2.48
2289,-2.20
2301,-2.49
2314,-2.49
2326,-2.45
2339,-2.76
2352,-2.18
2364,-2.48
2376,-2.48
2388,-2.45
2402,-3.60
2414,-12.21
2427,-8.25
2440,-2.48
2452,0.62
2464,-1.08
2477,-1.06
2489,0.90
2500,0.89
2511,-2.50
2524,-8.25
2537,-6.67
2549,-0.51
2562,0.33
2573,-1.93
2585,-2.19
2598,-2.76
2611,-1.35
2623,-2.76
2635,-3.30
2648,-4.14
2661,-3.03
2673,-1.94
2685,1.18
2697,-1.05
2709,-3.04
2721,-4.75
2735,-4.18
2747,-3.04
2759,-4.08
2771,-4.18
2784,-3.55
2797,-2.45
2809,-1.92
2822,-7.41
2834,-4.10
2846,6.84
2857,4.55
2870,2.35
2881,1.14
2892,-1.65
2905,-0.80
2917,-0.22
2930,-0.50
2942,-2.18
2955,-0.22
2967,-0.50
2979,-1.63
2992,-1.06
3005,-1.37
3017,0.35
3028,-1.13
3041,-0.23
3053,-0.98
3066,-3.04
3079,2.41
3090,-0.23
3102,-1.85
3115,0.05
3127,0.34
3138,1.51
3149,1.47
3161,1.48
3172,1.76
3183,3.75
3195,3.55
3207,2.67
3218,3.23
3229,3.15
3240,3.38
3252,4.19
3264,3.97
3275,3.73
3287,4.01
3298,3.71
3309,4.51
3320,4.55
3333,5.36
3344,5.72
3355,6.22
3366,6.53
3378,6.41
3389,7.06
3401,7.41
3412,8.09
3424,7.61
3435,7.93
3446,8.72
3458,9.12
3470,9.96
3481,9.86
3492,10.28
3505,10.33
3517,11.17
3530,12.00
3543,12.28
3555,12.83
3567,13.30
3579,13.57
3593,13.15
3605,13.92
3617,14.54
3630,14.13
3642,14.89
3654,15.02
3667,16.40
3680,16.95
3692,17.11
3704,18.63
3717,17.56
3730,17.32
3742,19.76
3755,17.85
3767,18.97
3779,19.45
3792,19.14
3805,19.15
3817,20.13
3829,19.42
3842,19.07
3854,19.70
3867,19.08
3879,19.51
3892,19.87
3904,20.43
3916,20.79
3930,21.59
3942,22.22
3954,21.59
3966,22.12
3979,21.64
3992,22.38
4004,22.22
4017,22.64
4029,22.90
4041,22.49
4054,22.83
4067,23.93
4079,23.90
4091,23.93
4104,24.27
4116,24.27
4129,23.93
4142,24.18
4154,24.67
4166,25.06
4178,25.06
4191,25.16
4204,25.93
4216,25.93
4229,25.66
4241,26.05
4253,27.05
4267,26.43
4279,26.80
4291,28.23
4303,27.82
4316,26.68
4329,27.96
4341,27.81
4354,27.94
4366,27.94
4378,28.09
4391,28.34
4404,29.09
4416,28.82
4428,28.55
4441,29.12
4453,29.80
4466,29.20
4478,30.49
4491,27.81
4503,29.62
4515,29.94
4529,28.95
4541,28.73
4553,28.71
4566,29.65
4578,28.15
4591,28.44
4603,28.57
4616,26.92
4628,27.78
4640,27.69
4653,26.93
4666,26.30
4678,26.43
4690,27.07
4703,27.57
4715,26.43
4728,26.05
4741,25.53
4753,25.04
4765,25.24
4777,25.08
4790,26.18
4803,25.19
4815,24.01
4828,26.43
4840,22.60
4852,23.87
4866,23.68
4878,25.89
4890,22.89
4902,24.26
4915,24.22
4928,23.41
4940,24.73
4953,21.49
4965,26.43
4977,20.68
4990,20.69
5003,24.07
5015,20.49
5027,19.68
5040,18.99
5052,19.99
5065,19.71
5078,14.45
5090,17.75
5102,13.53
5114,11.55
5128,11.12
5140,8.24
5151,7.26
5163,7.13
5174,6.47
5185,4.85
5197,4.99
5209,6.22
5220,6.53
5231,6.88
5242,6.16
5254,5.83
5266,6.47
5277,6.75
5288,6.57
5300,6.88
5311,7.13
5323,7.65
5335,7.88
5346,8.69
5357,8.04
5368,6.81
5380,6.22
5392,7.23
5403,7.97
5414,8.01
5426,8.20
5437,7.84
5448,5.98
5460,5.64
5472,3.55
5483,1.90
5494,0.99
5506,0.30
5517,-1.28
5530,-3.81
5542,-0.54
5555,-3.49
5567,-5.54
5579,-4.72
5593,-6.04
5605,5.58
5616,5.62
5627,-0.68
5640,-3.33
5652,-2.91
5665,1.59
5677,4.30
5688,4.31
5699,-3.06
5711,4.09
5724,14.25
5736,7.00
5747,20.47
5760,-5.56
5772,-19.75
5785,-10.80
5799,-6.51
5812,-4.38
5824,-2.54
5836,-1.63
5849,-3.62
5862,-0.82
5874,0.31
5885,-2.06
5898,-1.29
5910,0.60
5922,-3.83
5935,-2.77
5947,-1.63
5959,0.05
5970,-0.79
5983,-3.32
5996,-4.14
6008,-3.86
6021,-2.69
6033,-2.73
6045,-2.19
6059,-2.21
6071,-1.92
6083,-1.92
6095,-2.20
6108,-2.22
6120,-2.14
6133,-1.80
6146,-2.38
6158,-3.37
6170,0.34
6181,3.93
6194,5.19
6205,2.29
6216,-8.02
6228,-8.37
6241,-7.83
6253,-3.06
6266,-1.35
6279,-2.47
6291,-2.94
6303,-2.20
6316,-1.63
6329,0.91
6340,-1.58
6352,-3.35
6365,-3.06
6377,-1.35
6390,-5.33
6403,-0.80
6415,-3.24
6427,-3.07
6439,-1.91
6452,-1.92
6465,-3.34
6477,-1.94
6490,-1.93
6502,-2.20
6514,-2.76
6528,-2.19
6540,-1.35
6552,-2.18
6564,-2.19
6577,-1.92
6590,-1.90
6602,-2.47
6615,-2.48
6627,-2.17
6639,-2.75
6651,-2.76
6665,-1.90
6677,-1.90
6689,-2.20
6702,-2.20
6714,-2.45
6727,-2.20
6739,-2.21
6752,-1.63
6764,-3.03
6776,-2.21
6790,-2.19
6802,-1.63
6814,-1.91
6827,-1.91
6839,-1.90
6851,-1.91
6864,-2.18
6877,-3.27
6889,-2.44
6901,-2.45
6914,-0.22
6927,-4.10
6939,1.73
6950,-2.76
6963,-1.95
6975,-2.37
6988,-1.38
7001,-1.89
7013,-1.64
7025,-0.78
7037,-0.79
7050,-2.14
7063,-0.23
7075,-0.23
7088,0.62
7099,0.06
7110,-0.78
7123,-0.50
7136,0.34
7147,-0.79
7159,-2.40
7172,1.60
7183,0.06
7195,0.57
7206,0.63
7218,0.61
7229,0.61
7240,0.63
7252,-0.79
7265,0.33
7276,0.89
7287,0.89
7299,1.46
7310,0.90
7322,0.61
7333,-0.50
7346,-0.81
7358,1.02
7369,0.05
7380,-0.76
7394,0.34
7405,3.38
7416,-1.90
7429,1.19
7440,1.19
7451,1.18
7463,0.05
7475,1.48
7486,2.02
7497,1.69
7508,2.04
7521,0.91
7532,0.34
7543,1.73
7555,3.26
7566,2.64
7577,2.61
7589,3.46
7601,3.52
7612,2.05
7623,2.79
7634,2.49
7646,2.92
7658,3.20
7669,2.88
7681,3.41
7692,2.28
7703,2.32
7714,3.20
7727,3.78
7738,3.64
7749,3.07
7760,3.88
7772,2.55
7783,5.66
7795,5.58
7806,4.53
7818,3.95
7829,4.01
7840,5.16
7853,5.47
7864,4.55
7875,6.03
7886,3.97
7898,4.59
7909,4.09
7921,5.72
7932,4.23
7944,4.83
7955,4.59
7966,5.41
7977,5.36
7990,4.78
8001,6.25
8012,5.64
8024,4.59
8035,4.23
8046,6.47
8058,7.06
8070,6.50
8081,6.88
8092,8.93
8103,7.41
8115,7.93
8127,8.33
8138,6.57
8150,8.41
8161,8.08
8172,6.91
8183,7.97
8196,10.01
8208,8.84
8219,7.69
8230,9.68
8242,8.80
8254,9.21
8265,9.91
8276,8.69
8288,10.15
8300,8.93
8311,10.61
8325,9.77
8336,10.41
8348,8.72
8359,9.69
8371,9.49
8382,9.63
8394,9.59
8406,10.05
8418,10.15
8430,9.73
8441,9.96
8454,9.63
8465,9.96
8476,10.39
8488,10.33
8501,10.28
8513,10.01
8526,10.18
8539,9.86
8550,9.26
8561,9.68
8572,9.96
8585,10.01
8597,10.28
8609,9.96
8621,10.28
8633,10.05
8645,9.96
8657,10.05
8670,10.28
8682,9.59
8693,9.63
8705,9.96
8716,9.96
8728,10.33
8740,10.01
8753,9.96
8764,9.73
8775,9.68
8787,9.68
8799,9.68
8810,9.73
8821,9.68
8833,10.01
8845,10.05
8858,10.01
8870,9.63
8882,8.95
8893,8.59
8904,8.99
8915,9.17
8928,9.45
8939,9.45
8950,9.36
8962,9.40
8973,9.40
8985,9.36
8996,9.40
9008,9.36
9019,9.68
9030,9.82
9041,9.73
9054,9.82
9065,9.21
9076,8.93
9088,8.89
9099,8.76
9110,9.36
9122,9.36
9134,9.08
9145,9.08
9156,9.12
9167,9.40
9179,9.17
9191,9.40
9202,9.12
9213,9.08
9225,9.12
9236,9.36
9247,9.40
9260,9.12
9271,9.12
9282,9.40
9293,9.12
9305,9.08
9317,9.36
9328,8.84
9339,9.40
9351,9.45
9362,9.12
9373,9.12
9385,8.80
9397,9.12
9408,9.17
9419,9.12
9431,9.36
9442,9.08
9454,8.84
9465,9.08
9477,9.12
9488,9.17
9499,9.17
9510,9.08
9523,9.45
9534,9.12
9545,9.08
9556,9.40
9568,9.12
9579,9.12
9591,9.36
9603,9.08
9614,9.08
9625,9.12
9636,9.17
9648,9.12
9660,9.12
9671,9.12
9682,9.40
9694,9.40
9705,9.36
9717,8.84
9729,9.12
9740,9.40
9751,9.17
9762,9.40
9774,9.08
9786,9.08
9797,8.84
9808,9.12
9820,9.12
9831,9.08
9842,9.12
9854,9.12
9866,9.12
9877,9.12
9888,9.12
9900,9.12
9911,9.12
9923,9.45
9934,9.17
9946,9.40
9957,9.08
9968,9.36
9979,9.12
9992,9.17
10003,9.12
10015,9.17
10028,9.08
10040,8.84
10053,9.12
10065,9.17
10078,9.40
10090,9.36
10102,9.17
10116,9.17
10128,9.08
10140,9.12
10152,9.17
10165,9.68
10177,9.12
10190,9.08
10203,9.40
10215,9.08
10227,9.08
10240,9.08
10253,9.12
10265,9.36
10277,9.40
10290,9.45
10302,9.36
10315,9.08
10328,9.17
10340,9.40
10352,9.45
10364,9.12
10377,9.12
10390,9.08
10402,9.36
10415,9.08
10427,9.45
10439,9.12
10452,9.17
10465,8.80
10477,9.40
10489,9.40
10502,9.12
10515,9.17
10527,9.17
10540,9.49
10552,9.49
10564,9.03
10576,9.12
10590,9.17
10602,9.12
10614,9.36
10627,9.12
10639,9.40
10652,9.12
10664,9.08
10677,9.17
10689,9.12
10701,9.45
10715,9.08
10727,9.12
10739,9.40
10752,9.40
10764,9.36
10776,9.12
10789,9.40
10802,9.12
10814,9.08
10826,9.40
10839,9.12
10852,9.12
10864,9.12
10876,9.08
10889,9.08
10901,9.17
10914,9.12
10927,9.12
10939,9.40
10951,9.12
10963,9.03
10976,9.12
10989,9.08
11001,9.36
11014,9.40
11026,9.12
11038,9.08
11052,9.08
11064,9.12
11076,9.12
11088,9.12
11101,9.12
11114,9.12
11126,9.12
11139,9.40
11151,9.40
11163,9.17
11175,9.12
11189,9.17
11201,9.12
11213,9.36
11226,9.12
11238,9.08
11251,9.36
11264,9.12
11276,9.12
11288,9.08
11300,9.12
11314,9.12
11326,9.17
11338,9.12
11351,9.12
11363,9.12
11375,9.45
11388,9.17
11401,9.08
11413,9.12
11425,9.40
11438,9.40
11451,9.08
11463,9.08
11475,9.12
11488,9.08
11500,9.08
11513,9.08
11526,9.12
11538,9.45
11550,9.12
11563,9.12
11575,9.36
11588,9.40
11600,9.12
11613,9.08
11625,9.36
11637,9.12
11651,9.08
11663,8.84
11675,9.12
11687,9.40
11700,8.80
11713,9.36
11725,9.17
11738,9.12
11750,9.17
11762,9.21
11774,9.12
11788,9.12
11800,9.08
11812,9.40
11825,9.31
11837,8.84
11850,8.80
11863,8.84
11875,9.12
11887,9.45
11899,9.68
11913,9.17
11925,8.80
11937,8.80
11950,9.40
11962,9.68
11974,9.45
11987,8.80
12000,8.84
12012,9.08
12024,9.36
12037,9.40
12050,9.17
12062,9.12
12075,8.80
12087,8.80
12099,9.40
12112,9.40
12125,9.40
12137,9.36
12149,9.40
12162,8.76
12174,9.36
12187,9.45
12199,9.40
12212,9.12
12224,8.84
12236,9.17
12250,9.12
12262,9.31
12274,9.12
12286,8.84
12299,9.12
12312,9.17
12324,9.12
12337,9.12
12349,9.40
12361,9.12
12374,9.40
12387,9.40
12399,8.76
12411,9.12
12424,9.12
12436,9.17
12449,9.12
12462,9.12
12474,9.17
12486,9.08
12498,9.08
12512,8.84
12524,9.31
12536,9.40
12549,9.12
12561,9.12
12573,9.12
12587,9.03
12599,9.40
12611,9.08
12623,8.80
12636,9.12
12649,9.12
12661,9.08
12674,9.12
12686,9.17
12698,9.03
12711,9.08
12724,9.08
12736,9.08
12748,9.40
12761,9.08
12773,9.08
12786,9.08
12798,9.08
12811,9.12
12823,9.12
12835,9.12
12849,9.12
12861,9.17
12873,9.40
12886,9.08
12898,9.12
12911,9.12
12923,9.08
12936,9.36
12948,9.08
12960,9.08
12973,9.12
12986,9.08
12998,8.84
13010,8.80
13023,9.08
13035,9.12
13048,9.40
13061,9.12
13073,9.08
13085,9.12
13097,9.17
13111,9.12
13123,9.36
13135,9.12
13148,9.12
13160,9.08
13172,9.31
13186,8.84
13198,9.45
13210,9.12
13222,9.12
13235,9.17
13248,9.12
13260,9.12
13273,9.12
13285,9.36
13297,9.17
13310,9.36
13323,9.45
13335,9.12
13347,9.12
13360,9.12
13372,9.08
13385,8.80
13398,8.84
13410,9.08
13422,9.12
13434,9.17
13448,9.12
13460,9.12
13472,9.08
13485,8.84
13497,9.08
13510,9.12
13522,9.36
13535,9.12
13547,9.12
13559,9.12
13572,9.08
13585,9.12
13597,9.08
13609,9.08
13622,9.12
13634,9.17
13647,9.12
13660,9.12
13672,9.08
13684,9.12
13697,9.12
13710,9.40
13722,9.17
13734,9.08
13747,9.12
13759,9.12
13771,9.12
13785,9.12
13797,9.12
13809,9.12
13821,9.08
13834,9.12
13847,8.80
13859,9.36
13872,9.63
13884,9.12
13896,9.12
13910,9.08
13922,8.84
13934,8.84
13946,9.12
13959,9.40
13971,8.84
13984,9.40
13997,9.17
14009,8.89
14021,9.36
14033,9.12
14047,9.40
14059,9.12
14071,8.84
14084,9.36
14096,9.08
14109,8.84
14121,9.08
14134,9.08
14146,9.08
14158,9.08
14171,9.12
14184,8.84
14196,9.40
14209,9.12
14221,9.08
14233,9.08
14246,9.45
14259,9.17
14271,9.17
14283,9.08
14296,9.12
14309,9.12
14321,9.12
14333,9.12
14346,9.08
14358,9.08
14370,9.36
14384,9.40
14396,8.84
14408,9.08
14420,9.08
14433,9.08
14446,9.08
14458,9.08
14471,9.40
14483,9.36
14495,9.12
14509,9.12
14521,9.12
14533,9.03
14545,9.36
14558,9.12
14570,9.12
14583,9.08
14596,8.84
14608,9.17
14620,9.12
14632,9.08
14646,9.08
14658,9.08
14670,9.12
14683,9.40
14695,9.12
14708,9.12
14721,9.12
14733,9.12
14745,9.40
14757,9.17
14770,9.45
14783,8.84
14795,9.40
14808,9.08
14820,9.12
14832,9.12
14845,9.12
14858,9.12
14870,9.36
14882,9.12
14895,9.36
14908,8.84
14920,9.12
14932,9.03
14945,9.12
14957,9.12
14969,9.08
14983,8.80
14995,9.08
15007,9.08
15020,9.17
15032,8.89
15045,9.08
15057,9.12
15070,9.12
15082,8.89
15094,8.80
15108,9.12
15120,9.12
15132,9.12
15144,9.12
15157,9.36
15169,9.12
15182,9.08
15195,9.45
15207,9.08
15219,9.12
15232,9.08
15245,8.84
15257,9.08
15269,9.17
15282,9.08
15294,9.12
15307,9.08
15320,9.40
15332,9.08
15344,9.17
15356,9.12
15369,9.36
15382,9.17
15394,9.17
15407,9.12
15419,9.12
15431,9.08
15444,9.12
15457,9.12
15469,9.08
15481,9.12
15494,9.08
15507,8.84
15519,9.45
15532,9.08
15544,9.12
15556,9.12
15568,8.80
15582,9.08
15594,9.08
15606,9.36
15619,8.84
15631,9.45
15644,9.12
15656,9.45
15669,8.89
15681,8.80
15693,9.08
15707,9.17
15719,9.12
15731,9.12
15744,9.40
15756,9.40
15768,9.12
15781,9.12
15794,9.36
15806,9.03
15818,9.12
15831,9.08
15844,9.17
15856,9.17
15868,8.89
15881,9.40
15893,9.12
15906,8.84
15919,9.12
15931,9.08
15943,9.08
15955,9.12
15968,9.12
15981,9.36
15993,8.80
16006,9.36
16018,9.17
16030,9.12
16044,9.08
16056,9.12
16068,9.08
16080,9.40
16093,8.84
16106,9.36
16118,9.08
16131,9.08
16143,8.84
16155,9.17
16167,9.08
16181,8.99
16193,9.03
16205,9.45
16218,9.40
16230,8.84
16243,9.12
16256,8.80
16268,8.80
16280,9.17
16292,9.12
16306,8.84
16318,9.08
16330,9.12
16343,9.12
16355,9.08
16367,9.08
16380,9.12
16393,8.84
16405,9.12
16417,9.08
16430,9.49
16443,9.21
16455,9.12
16467,9.08
16480,9.12
16492,9.36
16505,9.12
16518,9.08
16530,9.08
16542,9.12
16555,9.12
16567,9.12
16580,9.12
16592,9.08
16605,9.08
16617,9.12
16629,8.80
16643,9.12
16655,8.80
16667,9.12
16679,9.08
16692,9.40
16705,9.31
16717,8.84
16730,8.84
16742,9.08
16754,8.84
16766,9.12
16780,9.12
16792,9.40
16804,9.12
16817,9.12
16829,9.12
16842,9.40
16855,9.40
16867,9.08
16879,9.12
16891,9.12
16905,9.40
16917,8.93
16929,9.08
16942,9.08
16954,8.84
16966,9.17
16979,9.08
16992,8.84
17004,9.08
17016,8.80
17029,9.12
17042,9.12
17054,9.08
17067,8.80
17079,9.12
17091,9.12
17104,9.08
17117,9.12
17129,8.80
17141,9.08
17154,9.12
17166,8.84
17179,8.84
17191,8.80
17204,9.08
17216,8.84
17228,8.84
17242,9.12
17254,9.08
17266,9.12
17278,9.08
17291,9.12
17304,8.80
17316,8.84
17329,9.12
17341,8.89
17353,9.08
17366,9.08
17379,8.72
17391,9.08
17403,9.21
17416,9.40
17428,9.31
17441,9.45
17454,8.76
17466,9.08
17478,9.12
17490,8.40
17504,9.36
17516,9.54
17528,10.01
17542,9.91
17554,9.63
17566,9.54
17580,8.72
17592,9.96
17604,10.28
17617,10.67
17631,10.46
17645,10.89
17658,11.12
17672,11.34
17685,10.33
17698,10.68
17713,10.95
17726,10.79
17739,12.85
17753,12.06
17766,12.22
17780,11.90
17794,12.22
17807,11.12
17820,11.94
17833,12.49
17848,12.00
17861,13.02
17874,13.17
17888,12.83
17901,12.76
17915,12.34
17929,12.04
17942,12.76
17955,12.89
17970,12.89
17983,12.83
17996,13.18
18010,13.45
18023,13.85
18037,12.37
18051,12.68
18064,13.02
18077,14.33
18091,15.15
18105,14.40
18118,14.73
18131,15.35
18145,17.92
18158,13.99
18172,14.05
18186,15.54
18199,20.52
18212,18.44
18226,17.01
18240,17.13
18253,17.69
18267,13.78
18280,12.46
18293,12.81
18308,22.38
18321,18.80
18334,15.63
18348,19.10
18361,18.89
18375,22.07
18388,22.60
18402,21.80
18415,17.85
18428,21.31
18443,17.91
18456,19.24
18469,20.23
18483,22.75
18496,23.93
18510,19.32
18524,15.35
18537,12.52
18550,13.60
18564,14.66
18578,15.66
18591,17.40
18605,23.62
18618,17.28
18631,19.58
18646,20.59
18659,18.17
18672,12.93
18685,18.00
18699,16.88
18713,13.85
18726,17.03
18740,19.43
18753,20.59
18766,19.00
18781,17.05
18794,16.34
18807,17.91
18821,17.91
18835,16.93
18848,16.82
18862,16.66
18875,16.27
18888,17.82
18903,17.55
18916,17.28
18929,17.99
18942,17.24
18956,15.88
18970,16.63
18983,15.77
18997,17.55
19010,13.78
19023,15.32
19038,16.47
19051,16.55
19064,16.26
19078,16.31
19091,15.77
19105,16.31
19119,16.23
19132,16.12
19145,16.04
19159,16.39
19173,16.04
19186,15.69
19200,15.61
19213,15.15
19226,15.08
19240,15.27
19254,15.96
19267,15.77
19280,15.88
19294,16.31
19308,16.39
19321,16.82
19335,16.58
19348,18.08
19361,17.62
19376,17.90
19389,21.41
19402,17.47
19416,17.30
19429,17.64
19443,17.20
19457,17.11
19470,17.47
19483,17.55
19496,17.47
19511,17.20
19524,17.73
19537,17.28
19551,18.35
19564,17.99
19578,18.62
19592,18.26
19605,18.27
19618,18.35
19632,17.73
19646,17.47
19659,17.73
19673,18.00
19686,18.00
19700,18.00
19714,18.00
19727,18.09
19740,18.09
19753,18.18
19768,18.44
19781,18.44
19794,18.09
19808,18.44
19821,17.91
19835,17.73
19849,18.26
19862,18.35
19875,18.18
19889,18.00
19903,18.00
19916,18.18
19930,18.09
19943,17.82
19956,18.00
19971,18.09
19984,18.09
19997,18.35
20011,18.53
20024,18.35
20038,18.35
20051,18.35
20065,18.44
20078,18.44
20091,18.44
20106,18.53
20119,18.71
20132,18.27
20146,18.35
20159,18.09
20173,18.35
20187,18.35
20200,18.71
20213,18.71
20227,18.62
20241,18.71
20254,18.62
20268,18.89
20281,18.89
20294,18.62
20308,18.62
20322,18.71
20335,18.62
20348,18.98
20362,18.62
20376,19.34
20389,19.43
20403,18.98
20416,19.07
20429,19.34
20444,19.15
20457,18.89
20470,18.71
20484,18.98
20497,18.98
20511,19.07
20525,18.98
20538,18.89
20551,18.62
20566,18.71
20579,19.07
20592,18.98
20605,18.98
20619,18.98
20633,18.89
20646,18.98
20660,19.24
20673,19.24
20686,19.51
20701,19.07
20714,19.15
20727,19.15
20741,19.24
20754,19.34
20768,19.51
20782,19.60
20795,19.60
20808,18.98
20822,18.98
20836,18.89
20849,19.24
20862,19.96
20876,19.87
20889,19.96
20903,19.34
20917,19.60
20930,19.60
20943,19.34
20957,19.60
20971,19.24
20984,19.34
20998,19.60
21011,19.60
21024,19.51
21039,19.15
21052,19.34
21065,19.60
21079,19.42
21092,19.34
21106,19.34
21120,19.24
21133,19.60
21146,19.24
21159,19.15
21174,19.24
21187,19.34
21200,19.34
21214,19.60
21227,19.34
21241,19.60
21255,19.34
21268,19.24
21281,19.15
21295,19.34
21309,19.34
21322,19.51
21336,19.60
21349,19.24
21362,19.42
21377,19.15
21390,19.42
21403,19.51
21416,19.34
21431,19.51
21444,19.24
21457,19.34
21471,19.34
21484,19.24
21498,19.60
21512,19.51
21525,19.34
21538,19.60
21552,19.34
21566,19.24
21579,19.24
21593,19.24
21606,19.34
21619,19.34
21634,19.24
21647,19.34
21660,19.60
21673,19.43
21687,19.24
21701,19.60
21714,19.60
21728,19.60
21741,19.51
21754,19.70
21769,19.24
21782,19.24
21795,19.51
21809,19.24
21822,19.60
21836,19.34
21850,19.60
21863,19.60
21876,19.15
21890,19.34
21904,19.60
21917,19.60
21931,19.34
21944,19.60
21957,19.24
21971,19.34
21985,19.34
21998,19.60
22011,19.51
22025,19.51
22039,19.60
22052,19.87
22066,19.24
22079,19.34
22092,19.60
22107,19.60
22120,19.34
22133,19.60
22147,19.15
22160,19.24
22174,19.60
22188,19.87
22201,19.51
22214,19.51
22227,19.60
22242,19.60
22255,19.60
22268,19.60
22282,19.60
22296,19.24
22309,19.60
22323,19.60
22336,19.60
22349,19.51
22364,19.51
22377,19.51
22390,19.60
22404,19.51
22417,19.60
22431,19.60
22445,19.77
22458,19.60
22471,19.60
22484,19.51
22499,19.24
22512,19.34
22525,19.51
22539,19.51
22552,19.60
22566,19.60
22580,19.87
22593,19.77
22606,19.51
22620,19.51
22634,19.51
22647,19.34
22661,19.51
22674,19.87
22687,19.60
22702,19.60
22715,19.34
22728,19.24
22742,19.60
22755,19.60
22769,19.87
22782,19.60
22796,19.77
22809,19.60
22822,19.51
22837,19.60
22850,19.60
22863,19.24
22877,19.87
22890,19.60
22904,19.60
22918,19.60
22931,19.60
22944,19.60
22958,19.87
22972,19.87
22985,19.87
22999,19.51
23012,19.87
23025,19.34
23040,19.60
23053,19.87
23066,19.87
23079,19.51
23093,19.60
23107,19.60
23120,19.60
23134,19.43
23147,19.60
23161,19.87
23175,19.87
23188,19.60
23201,19.87
23215,19.60
23229,19.60
23242,19.60
23256,19.60
23269,19.60
23282,19.51
23297,19.60
23310,19.60
23323,19.60
23336,19.60
23350,19.87
23364,19.51
23377,19.60
23391,19.60
23404,19.34
23417,19.51
23432,19.60
23445,19.51
23458,19.87
23472,19.34
23485,19.24
23499,19.87
23513,19.51
23526,19.60
23539,19.51
23553,19.60
23567,19.77
23580,19.51
23593,19.96
23607,19.60
23620,19.96
23634,19.70
23648,19.60
23661,19.60
23674,19.60
23688,19.51
23702,19.60
23715,19.60
23729,19.77
23742,19.60
23755,19.34
23770,19.34
23783,19.87
23796,19.70
23810,19.60
23823,19.42
23837,19.51
23851,19.51
23864,19.96
23877,19.60
23890,19.51
23905,19.43
23918,19.60
23931,19.60
23945,19.51
23958,19.60
23972,19.70
23986,19.60
23999,19.87
24012,19.87
24027,19.60
24040,19.60
24053,19.60
24067,19.60
24080,19.87
24094,19.51
24108,19.77
24121,19.60
24134,17.84
24147,19.15
24162,19.51
24175,19.60
24188,19.70
24202,19.51
24215,19.60
24229,19.87
24243,19.60
24256,19.24
24269,19.70
24283,19.77
24297,19.70
24310,19.87
24324,19.60
24337,19.51
24350,19.87
24365,19.51
24378,19.87
24391,19.77
24404,19.87
24418,19.60
24432,19.60
24445,19.77
24459,19.60
24472,19.51
24485,19.77
24500,19.60
24513,19.34
24526,19.60
24540,19.60
24553,19.77
24567,19.60
24581,19.60
24594,19.70
24607,19.60
24621,19.87
24635,19.87
24648,19.60
24662,19.87
24675,19.77
24688,19.87
24702,19.60
24716,19.51
24729,19.77
24742,19.60
24756,19.70
24770,19.87
24783,19.87
24797,19.87
24810,19.87
24823,19.96
24838,19.60
24851,19.77
24864,19.70
24878,19.51
24892,19.87
24905,19.51
24919,19.51
24932,19.87
24945,19.60
24960,20.13
24973,19.60
24986,19.77
24999,19.77
25013,19.77
25027,19.51
25040,19.87
25054,19.96
25067,19.51
25080,19.87
25095,19.96
25108,19.87
25121,19.77
25135,20.04
25148,19.96
25162,19.87
25176,19.87
25189,19.60
25202,19.96
25216,19.96
25230,19.60
25243,19.87
25256,19.87
25270,19.87
25283,19.51
25297,19.51
25311,19.60
25324,19.96
25337,19.87
25351,19.60
25365,19.60
25378,19.87
25392,19.87
25405,19.87
25418,19.60
25433,19.51
25446,19.87
25459,19.87
25473,19.87
25486,19.77
25500,19.87
25513,19.60
25527,19.77
25540,20.23
25553,19.60
25568,20.49
25581,19.96
25594,19.87
25608,19.87
25621,19.51
25635,19.96
25649,19.77
25662,19.77
25675,19.60
25689,19.87
25703,19.87
25716,19.87
25730,19.87
25743,19.96
25757,19.87
25771,19.87
25784,19.87
25797,19.87
25810,19.60
25825,19.70
25838,19.87
25851,19.60
25865,19.87
25878,19.77
25892,19.51
25906,19.87
25919,19.77
25932,19.87
25946,19.77
25960,19.87
25973,19.87
25987,19.77
26000,19.96
26013,20.13
26028,19.87
26041,19.87
26054,19.87
26067,19.96
26081,19.60
26095,19.60
26108,19.87
26122,19.87
26135,19.51
26148,19.60
26163,19.87
26176,19.87
26189,19.87
26203,19.96
26216,19.60
26230,19.60
26244,19.87
26257,19.87
26270,19.87
26284,19.96
26298,19.68
26311,20.13
26324,19.96
26338,19.77
26351,19.77
26365,19.87
26379,20.06
26392,19.60
26405,19.87
26419,19.60
26433,19.77
26446,19.87
26460,19.42
26473,19.87
26486,19.60
26501,19.77
26514,19.60
26527,19.70
26541,19.87
26554,19.87
26568,19.77
26582,19.51
26595,19.96
26608,19.87
26622,19.87
26636,20.13
26649,19.87
26662,20.13
26676,19.77
26690,19.60
26703,19.51
26717,19.87
26730,19.87
26743,19.87
26758,19.87
26771,19.87
26784,19.77
26798,19.87
26811,19.87
26825,19.87
26839,19.87
26852,19.96
26865,19.96
26878,19.87
26893,19.60
26906,19.51
26919,19.60
26933,19.87
26946,19.87
26960,19.87
26974,19.87
26987,19.77
27000,19.96
27014,19.60
27028,20.13
27041,19.87
27055,19.51
27068,19.87
27081,19.87
27096,19.87
27109,19.96
27122,19.87
27136,19.87
27149,20.13
27163,19.68
27176,19.87
27190,19.87
27203,19.77
27216,19.87
27231,19.87
27244,20.13
27257,19.77
27271,19.87
27284,19.87
27298,19.87
27312,19.87
27325,19.87
27338,19.96
27352,19.77
27366,20.13
27379,19.87
27393,19.87
27406,19.87
27419,19.96
27433,19.60
27447,19.87
27460,19.60
27473,20.04
27488,19.96
27501,19.87
27514,19.87
27528,19.96
27541,19.68
27555,19.87
27569,19.87
27582,19.87
27595,20.23
27609,19.77
27623,19.87
27636,19.87
27650,20.06
27663,19.87
27676,20.13
27691,19.87
27704,19.87
27717,19.60
27730,19.87
27744,19.87
27758,19.87
27771,19.87
27785,20.13
27798,20.06
27811,19.87
27826,19.77
27839,19.87
27852,19.96
27866,19.87
27879,20.13
27893,19.96
27907,19.70
27920,19.77
27933,19.87
27947,19.87
27961,19.77
27974,19.87
27987,19.96
28001,20.23
28014,19.87
28028,19.60
28042,19.87
28055,19.51
28068,19.87
28082,19.60
28096,19.87
28109,20.13
28123,19.87
28136,19.77
28149,19.87
28164,20.13
28177,19.87
28190,19.96
28204,19.87
28217,19.87
28231,19.96
28244,19.87
28258,19.87
28271,20.13
28284,19.70
28299,20.04
28312,19.87
28325,19.87
28339,19.87
28353,19.87
28366,19.87
28380,19.87
28393,19.77
28406,20.13
28421,20.13
28434,20.13
28447,20.13
28461,20.04
28474,19.42
28488,20.06
28502,20.23
28515,19.87
28528,19.60
28541,19.87
28556,19.96
28569,19.96
28582,19.51
28596,20.13
28609,19.77
28623,19.87
28637,19.87
28650,19.87
28663,19.87
28677,19.87
28691,19.96
28704,20.23
28718,19.77
28731,19.87
28744,19.77
28759,19.51
28772,19.42
28785,19.15
28798,19.77
28812,20.13
28826,20.86
28839,20.04
28853,20.13
28866,20.86
28879,21.02
28894,20.92
28907,21.49
28920,21.64
28934,20.66
28947,20.72
28961,22.21
28975,21.12
28988,21.38
29001,21.64
29015,21.54
29029,22.12
29042,22.17
29056,22.27
29069,21.75
29082,22.17
29096,24.41
29110,22.66
29123,23.16
29136,22.27
29150,21.91
29164,22.53
29177,22.58
29191,22.90
29204,22.53
29218,22.27
29232,22.90
29245,23.64
29258,23.53
29272,24.04
29286,24.04
29299,24.39
29313,24.41
29326,24.41
29339,20.17
29353,21.38
29367,19.69
29380,21.85
29393,23.96
29407,24.77
29421,25.16
29434,24.55
29448,24.55
29461,24.30
29474,25.54
29489,24.91
29502,24.79
29515,25.93
29529,26.05
29542,25.93
29556,25.06
29570,25.55
29583,25.67
29596,26.43
29609,27.06
29624,27.69
29637,26.68
29650,26.43
29664,25.06
29677,25.42
29691,26.05
29705,26.18
29718,27.30
29731,26.68
29745,25.41
29759,26.81
29772,27.31
29786,26.30
29799,25.68
29812,26.81
29827,27.31
29840,27.17
29853,27.54
29867,27.31
29880,27.43
29894,27.30
29907,29.34
29921,27.30
29934,28.19
29947,27.06
29962,27.69
29975,22.98
29988,34.75
30002,32.15
30015,32.21
30029,33.04
30043,33.82
30056,33.11
30069,32.42
30084,31.08
30097,32.49
30110,32.10
30124,33.04
30137,33.28
30151,31.42
30164,31.33
30178,30.84
30191,30.66
30204,30.80
30219,32.04
30232,31.80
30245,31.89
30259,32.19
30272,32.10
30286,32.10
30300,31.56
30313,31.18
30326,31.04
30340,31.42
30354,31.33
30367,31.33
30381,30.70
30394,30.80
30407,30.94
30422,30.66
30435,30.80
30448,30.70
30461,30.42
30475,30.18
30489,30.18
30502,30.18
30516,30.04
30529,29.79
30542,29.93
30557,30.32
30570,29.93
30583,30.07
30597,29.79
30610,29.93
30624,29.55
30638,29.55
30651,29.55
30664,29.17
30678,29.69
30692,29.69
30705,29.69
30718,29.31
30732,29.17
30745,29.31
30759,29.93
30773,30.07
30786,29.79
30799,29.93
30813,29.93
30827,29.69
30840,29.69
30854,29.69
30867,29.69
30880,29.79
30895,29.69
30908,29.41
30921,29.41
30935,30.04
30949,29.79
30962,29.93
30976,29.55
30989,29.79
31002,29.93
31016,29.93
31030,29.45
31043,29.69
31056,30.07
31070,29.69
31084,29.93
31097,29.93
31111,30.07
31124,29.69
31137,29.55
31152,29.55
31165,29.55
31178,29.79
31192,29.93
31205,29.79
31219,29.79
31233,29.69
31246,29.93
31259,29.69
31272,29.79
31287,29.93
31300,29.93
31313,29.93
31327,29.93
31340,30.07
31354,30.18
31368,30.07
31381,30.07
31394,29.93
31408,29.69
31422,29.79
31435,29.93
31449,29.93
31462,29.79
31475,29.79
31490,30.04
31503,30.07
31516,29.93
31529,29.55
31543,30.07
31557,30.18
31570,29.93
31584,29.93
31597,29.93
31610,30.18
31625,29.79
31638,30.07
31651,29.79
31665,29.55
31678,29.69
31692,29.79
31706,29.93
31719,29.79
31732,30.04
31746,29.93
31760,29.93
31773,29.55
31787,29.93
31800,29.93
31814,29.93
31827,29.79
31841,30.18
31854,30.32
31867,29.83
31882,29.93
31895,29.93
31908,29.93
31922,30.07
31935,30.46
31949,29.79
31963,29.79
31976,29.93
31989,29.93
32003,29.93
32017,29.93
32030,29.93
32044,29.79
32057,29.93
32070,29.93
32084,29.93
32098,29.69
32111,29.79
32124,29.79
32138,29.93
32152,30.07
32165,29.55
32179,29.93
32192,30.07
32205,29.93
32220,30.04
32233,29.93
32246,29.79
32260,29.93
32273,29.93
32287,29.69
32301,30.07
32314,30.18
32327,29.79
32340,29.93
32355,30.18
32368,29.69
32381,29.83
32395,29.93
32408,29.93
32422,29.69
32436,29.69
32449,29.69
32462,29.93
32476,30.04
32490,30.18
32503,30.07
32517,29.93
32530,29.79
32543,29.79
32558,30.04
32571,29.79
32584,29.79
32598,29.93
32611,29.93
32625,29.93
32638,30.32
32652,29.79
32665,29.93
32679,29.79
32693,29.79
32706,29.93
32719,29.93
32733,30.07
32747,29.93
32760,29.93
32774,30.07
32787,30.18
32800,29.79
32815,30.32
32828,29.55
32841,29.93
32855,29.79
32868,30.18
32882,30.32
32896,30.07
32909,29.79
32922,29.93
32935,29.93
32950,29.93
32963,29.79
32976,29.93
32990,29.79
33003,30.07
33017,29.93
33031,29.79
33044,30.07
33057,30.18
33071,29.93
33085,30.07
33098,30.18
33112,29.79
33125,29.93
33138,30.07
33153,29.93
33166,30.18
33179,29.93
33192,29.79
33206,30.04
33220,30.04
33233,29.93
33247,29.93
33260,29.93
33273,29.93
33288,30.07
33301,29.93
33314,29.93
33328,29.93
33341,29.93
33355,30.18
33369,30.18
33382,30.32
33395,29.93
33409,29.93
33423,30.32
33436,29.93
33449,30.07
33463,29.93
33476,30.18
33490,29.93
33504,30.18
33517,29.79
33530,29.93
33545,30.32
33558,29.93
33571,30.18
33585,29.93
33598,30.07
33612,30.18
33626,29.93
33639,30.18
33652,30.18
33666,29.93
33680,29.93
33693,30.18
33707,29.55
33720,29.93
33733,29.93
33747,30.18
33761,30.04
33774,30.07
33787,29.93
33801,29.93
33815,29.93
33828,29.93
33842,29.93
33855,29.79
33868,29.93
33883,29.93
33896,29.93
33909,29.93
33923,30.18
33936,29.93
33950,29.93
33964,29.93
33977,29.93
33990,30.32
34003,30.18
34018,29.79
34031,29.83
34044,30.42
34058,29.93
34071,29.93
34085,30.32
34099,30.07
34112,30.07
34125,30.18
34139,29.79
34153,30.18
34166,29.93
34180,29.93
34193,29.93
34206,30.04
34221,30.04
34234,29.79
34247,30.18
34260,30.18
34274,30.18
34288,29.93
34301,30.18
34315,29.93
34328,29.93
34341,30.07
34356,29.93
34369,30.32
34382,29.93
34396,30.18
34410,29.69
34423,29.93
34437,30.07
34450,30.18
34463,30.32
34478,29.93
34491,30.07
34504,30.18
34518,29.79
34531,30.32
34545,29.79
34558,29.93
34572,30.07
34585,30.18
34598,30.18
34613,30.32
34626,29.93
34639,30.07
34653,29.93
34666,30.18
34680,30.07
34694,29.93
34707,30.18
34720,29.93
34734,29.93
34748,30.07
34761,30.18
34775,29.93
34788,30.18
34801,30.18
34816,29.93
34829,29.79
34842,29.93
34855,30.07
34869,29.93
34883,30.32
34896,29.93
34910,30.18
34923,29.93
34936,30.32
34951,29.69
34964,29.79
34977,30.18
34991,29.93
35004,30.07
35018,30.07
35032,29.93
35045,30.18
35058,30.04
35072,30.04
35086,30.07
35099,30.07
35112,30.07
35126,30.07
35139,29.93
35153,29.93
35167,29.93
35180,29.93
35193,29.93
35207,29.93
35221,29.93
35234,29.93
35248,29.83
35261,29.93
35275,29.79
35289,29.79
35302,30.32
35315,30.32
35329,29.93
35343,29.79
35356,30.18
35369,29.93
35383,30.18
35396,30.18
35410,29.93
35424,30.07
35437,30.18
35450,29.79
35464,29.93
35478,29.93
35491,29.93
35505,30.07
35518,29.69
35531,30.18
35546,30.07
35559,30.32
35572,29.93
35586,29.93
35599,29.69
35613,29.79
35627,29.55
35640,29.79
35653,30.18
35666,29.93
35681,29.93
35694,30.07
35707,30.18
35721,29.79
35734,29.79
35748,29.93
35762,30.07
35775,29.93
35788,29.93
35802,29.93
35816,29.93
35829,29.79
35843,30.32
35856,30.07
35869,30.07
35884,29.93
35897,29.66
35910,30.21
35923,29.93
35937,29.93
35951,30.18
35964,29.79
35978,29.93
35991,29.79
36004,29.93
36019,29.93
36032,30.32
36045,29.93
36059,29.93
36072,29.93
36086,29.93
36100,30.18
36113,30.32
36126,29.93
36141,29.93
36154,30.18
36167,29.79
36180,30.07
36194,29.93
36208,29.93
36221,29.79
36235,29.93
36248,30.18
36261,29.93
36276,30.18
36289,30.32
36302,30.18
36316,29.79
36329,29.93
36343,29.93
36357,30.32
36370,29.93
36383,30.18
36397,30.18
36411,29.93
36424,29.93
36438,29.93
36451,30.32
36464,29.79
36478,29.93
36492,29.93
36505,30.04
36518,29.79
36532,30.18
36546,30.32
36559,30.07
36573,29.79
36586,29.69
36599,29.79
36614,29.93
36627,29.93
36640,30.32
36654,29.93
36667,29.79
36681,30.18
36695,30.18
36708,30.18
36721,29.93
36734,29.79
36749,30.04
36762,29.93
36775,29.93
36789,30.18
36802,29.93
36816,29.69
36830,29.93
36843,30.04
36856,29.93
36870,30.18
36884,30.18
36897,29.93
36911,29.93
36924,30.18
36937,29.93
36952,30.07
36965,30.18
36978,29.93
36992,29.83
37006,29.93
37019,30.18
37032,30.18
37046,29.79
37059,29.93
37073,29.79
37087,29.93
37100,30.32
37113,30.18
37127,30.32
37141,30.18
37154,30.18
37168,30.32
37181,29.93
37194,29.93
37209,30.32
37222,30.32
37235,30.32
37249,30.18
37262,30.07
37276,29.79
37289,29.93
37303,29.93
37316,29.93
37329,30.18
37344,29.93
37357,30.18
37370,30.07
37384,29.93
37397,29.93
37411,29.93
37425,29.93
37438,29.93
37451,29.93
37465,30.32
37479,30.07
37492,30.18
37506,30.04
37519,29.93
37532,30.07
37547,29.93
37560,30.18
37573,30.07
37586,29.93
37600,29.93
37614,29.93
37627,29.79
37641,29.79
37654,30.07
37667,30.32
37682,30.07
37695,29.93
37708,29.93
37722,29.93
37735,30.07
37749,29.93
37763,29.93
37776,30.07
37789,29.93
37803,30.07
37817,30.18
37830,29.69
37843,29.79
37857,29.79
37871,29.93
37884,29.79
37898,29.93
37911,29.93
37924,29.93
37939,30.32
37952,30.18
37965,30.18
37979,29.93
37992,29.93
38006,29.93
38020,30.07
38033,30.07
38046,30.32
38060,29.93
38074,30.18
38087,29.79
38100,29.69
38114,29.93
38127,29.93
38141,30.32
38155,30.32
38168,30.07
38181,30.32
38195,29.79
38209,29.41
38222,29.79
38236,30.18
38249,29.93
38262,30.32
38277,30.32
38290,30.32
38303,30.07
38317,29.93
38330,30.07
38344,29.79
38358,29.93
38371,30.32
38384,29.79
38397,29.93
38412,30.18
38425,30.07
38438,29.93
38452,29.93
38465,29.79
38479,29.79
38493,29.79
38506,29.79
38519,29.79
38533,29.28
38547,30.56
38560,30.32
38574,30.18
38587,30.42
38600,30.70
38615,30.70
38628,30.56
38641,30.80
38654,30.94
38668,30.42
38682,31.33
38695,31.42
38709,31.42
38722,31.42
38736,31.80
38750,31.42
38763,32.19
38776,32.57
38790,32.10
38804,31.89
38817,32.19
38831,30.84
38844,30.42
38857,31.22
38872,30.60
38885,32.96
38898,33.27
38912,39.12
38925,29.62
38939,31.04
38952,31.13
38966,33.03
38979,31.51
38992,27.65
39007,31.67
39020,31.89
39033,31.42
39047,32.42
39060,32.13
39074,33.11
39088,33.51
39101,32.96
39114,33.97
39128,33.66
39142,33.43
39155,33.82
39169,34.51
39182,34.75
39195,32.81
39209,33.90
39223,33.97
39236,34.59
39249,33.97
39263,35.21
39277,34.59
39290,34.05
39304,33.82
39317,34.28
39330,34.12
39345,34.28
39358,35.50
39371,35.83
39385,36.72
39398,34.19
39412,34.82
39426,35.14
39439,35.14
39452,33.20
39465,32.04
39480,34.20
39493,34.20
39506,34.05
39520,34.28
39533,34.82
39547,35.21
39561,35.37
39574,35.60
39587,35.44
39601,35.21
39615,35.67
39628,35.44
39642,35.67
39655,34.72
39669,34.68
39683,37.06
39696,35.28
39709,35.83
39723,36.38
39737,34.73
39750,34.82
39763,35.28
39777,35.83
39790,36.38
39804,36.83
39818,35.60
39831,36.22
39844,35.83
39858,36.05
39872,36.44
39885,35.28
39899,35.67
39912,34.89
39925,35.44
39940,34.89
39953,35.34
39966,35.05
39980,35.60
39993,36.05
40007,36.78
40020,36.61
40034,36.61
40047,36.05
40060,36.22
40075,36.22
40088,36.28
40101,36.44
40115,36.28
40128,36.44
40142,36.50
40156,34.78
40169,36.67
40182,37.00
40196,37.06
40210,36.83
40223,36.89
40237,36.89
40250,37.22
40263,36.50
40278,37.28
40291,37.22
40304,37.44
40317,37.22
40331,37.11
40345,37.44
40358,37.44
40372,37.44
40385,37.33
40398,37.61
40413,38.05
40426,38.05
40439,38.01
40453,38.05
40466,38.23
40480,37.84
40494,38.05
40507,37.88
40520,37.88
40535,37.50
40548,38.05
40561,38.27
40574,38.23
40588,37.84
40602,38.23
40615,38.05
40629,38.35
40642,38.40
40655,38.84
40670,38.27
40683,38.44
40696,38.44
40710,38.27
40723,38.44
40737,38.44
40751,38.27
40764,38.05
40777,38.05
40791,38.05
40805,39.05
40818,40.04
40832,37.32
40845,38.88
40858,39.98
40872,39.83
40886,39.44
40899,39.80
40912,39.83
40926,39.27
40940,39.76
40953,38.70
40967,38.70
40980,39.05
40993,38.88
41008,39.05
41021,39.44
41034,39.05
41048,39.05
41061,39.80
41075,39.80
41089,39.44
41102,39.05
41115,39.23
41128,39.44
41143,39.44
41156,39.98
41169,39.40
41183,39.09
41196,38.88
41210,38.88
41224,39.05
41237,39.09
41250,39.27
41264,39.44
41278,39.66
41291,39.44
41305,39.66
41318,39.05
41331,39.27
41346,39.05
41359,39.27
41372,39.05
41385,39.27
41400,39.27
41413,39.44
41426,39.44
41440,39.44
41453,39.27
41467,39.66
41481,39.44
41494,39.66
41507,39.66
41521,39.66
41535,39.66
41548,39.83
41562,39.83
41575,40.22
41588,39.83
41603,39.62
41616,39.80
41629,39.66
41643,39.83
41656,40.22
41670,40.04
41683,39.83
41697,40.04
41710,39.83
41723,39.83
41738,39.83
41751,40.22
41764,40.44
41778,40.04
41791,40.04
41805,40.44
41819,40.80
41832,40.22
41845,41.38
41859,40.26
41873,41.03
41886,40.04
41900,40.44
41913,40.26
41926,40.80
41940,41.19
41954,40.62
41967,40.83
41980,40.83
41994,40.83
42008,40.44
42021,40.65
42035,40.62
42048,40.44
42061,40.65
42076,40.83
42089,40.83
42102,40.47
42116,40.65
42129,40.62
42143,40.44
42157,40.83
42170,40.62
42183,40.44
42196,41.01
42211,40.83
42224,40.65
42237,40.62
42251,40.44
42265,40.44
42278,40.65
42292,40.65
42305,41.01
42318,40.62
42333,40.80
42346,40.83
42359,40.65
42373,40.65
42386,40.65
42400,40.44
42414,40.62
42427,40.62
42440,40.80
42454,40.62
42468,40.62
42481,40.62
42494,40.83
42508,40.83
42521,40.83
42535,40.83
42549,40.62
42562,40.83
42575,40.65
42589,40.83
42603,40.62
42616,40.83
42630,40.83
42643,40.83
42656,40.65
42671,40.44
42684,40.44
42697,40.83
42711,40.83
42724,40.83
42738,40.83
42752,40.83
42765,40.65
42778,40.83
42791,40.44
42806,40.83
42819,40.65
42832,40.62
42846,40.83
42859,40.62
42873,40.83
42887,41.01
42900,40.83
42913,40.83
42927,40.62
42941,40.83
42954,40.65
42968,40.26
42981,40.62
42994,40.62
43009,40.62
43022,40.44
43035,40.65
43048,41.01
43062,41.03
43076,40.83
43089,40.62
43103,40.65
43116,41.01
43130,40.83
43144,40.65
43157,40.62
43170,40.62
43184,40.83
43198,40.85
43211,40.83
43225,40.44
43238,40.62
43251,40.83
43266,40.65
43279,40.83
43292,40.47
43305,40.83
43319,41.01
43333,41.01
43346,40.65
43360,40.83
43373,40.44
43386,41.03
43401,40.83
43414,40.83
43427,40.83
43441,40.83
43454,40.83
43468,40.65
43482,40.83
43495,40.83
43508,40.65
43522,40.65
43536,40.83
43549,41.22
43563,40.62
43576,40.62
43589,40.65
43603,40.47
43617,40.83
43630,41.01
43643,41.03
43657,41.01
43671,40.83
43684,41.01
43698,41.01
43711,40.62
43724,40.83
43739,40.83
43752,40.83
43765,40.65
43779,41.03
43792,40.83
43806,40.44
43820,40.65
43833,40.83
43846,40.62
43859,40.83
43874,40.83
43887,41.01
43900,41.01
43914,40.83
43927,40.83
43941,40.83
43955,41.03
43968,40.83
43981,40.85
43996,40.83
44009,41.22
44022,40.80
44036,40.83
44049,40.62
44063,40.65
44077,40.83
44090,40.83
44103,40.83
44116,40.83
44131,40.83
44144,41.01
44157,40.83
44171,40.83
44184,41.03
44198,40.83
44212,40.83
44225,41.03
44238,40.65
44252,40.83
44266,40.65
44279,40.83
44293,41.03
44306,40.65
44319,40.62
44334,40.83
44347,40.83
44360,40.83
44374,41.01
44387,41.22
44401,40.83
44414,40.65
44428,40.83
44441,40.65
44454,41.22
44469,40.83
44482,40.83
44495,40.83
44509,40.83
44522,40.83
44536,40.44
44550,41.03
44563,41.01
44576,40.83
44590,40.65
44604,41.19
44617,40.62
44631,40.83
44644,41.03
44657,41.01
44672,40.83
44685,41.01
44698,40.83
44711,41.40
44725,41.01
44739,41.01
44752,40.65
44766,40.44
44779,40.65
44792,40.83
44807,41.22
44820,40.83
44833,40.83
44847,40.83
44861,40.85
44874,40.83
44888,40.65
44901,40.65
44914,40.65
44929,41.01
44942,40.83
44955,40.83
44968,41.01
44982,40.83
44996,41.01
45009,40.83
45023,40.65
45036,40.85
45049,41.22
45064,41.03
45077,40.83
45090,40.83
45104,40.62
45117,41.03
45131,40.65
45145,40.65
45158,41.03
45171,41.01
45185,41.22
45199,40.65
45212,40.62
45225,40.47
45239,40.83
45252,40.83
45266,40.65
45280,40.65
45293,40.65
45306,41.38
45320,40.83
45334,41.03
45347,41.03
45361,40.85
45374,40.83
45387,40.83
45402,40.85
45415,41.24
45428,40.83
45442,41.03
45455,40.83
45469,40.83
45483,40.83
45496,40.83
45509,41.01
45522,41.03
45537,41.22
45550,40.65
45563,40.83
45577,40.83
45590,40.83
45604,41.03
45618,41.01
45631,40.83
45644,40.83
45658,40.83
45672,40.83
45685,41.01
45699,40.83
45712,40.83
45726,41.01
45740,41.03
45753,40.83
45766,41.01
45779,40.83
45794,40.83
45807,40.83
45820,40.83
45834,41.01
45847,41.01
45861,41.03
45875,40.83
45888,41.01
45901,40.83
45915,40.83
45929,40.65
45942,41.03
45956,41.01
45969,41.03
45982,40.85
45997,40.83
46010,41.01
46023,40.83
46036,40.83
46050,41.03
46064,40.29
46077,41.01
46091,40.83
46104,41.01
46117,41.03
46132,40.65
46145,40.83
46158,41.01
46172,41.01
46185,40.65
46199,41.03
46213,41.03
46226,41.03
46239,40.83
46253,40.83
46267,41.03
46280,40.80
46294,40.85
46307,41.01
46320,40.83
46334,40.65
46348,41.01
46361,40.83
46374,40.83
46388,41.03
46402,40.83
46415,41.03
46429,40.65
46442,40.65
46455,41.01
46470,41.03
46483,41.03
46496,40.83
46510,41.03
46523,41.03
46537,41.01
46551,41.03
46564,40.83
46577,41.01
46592,41.01
46605,41.01
46618,40.83
46631,40.83
46645,40.83
46659,41.03
46672,40.83
46686,41.22
46699,41.03
46712,41.01
46727,40.65
46740,40.65
46753,41.03
46767,41.22
46780,41.03
46794,41.01
46808,41.22
46821,40.62
46834,40.65
46848,41.22
46862,41.01
46875,40.83
46888,41.01
46902,40.85
46915,41.22
46929,41.01
46943,41.19
46956,41.01
46969,41.03
46983,40.83
46997,41.01
47010,41.03
47024,41.22
47037,41.01
47050,41.03
47065,41.22
47078,40.83
47091,41.03
47105,41.22
47118,41.01
47132,41.01
47145,41.22
47159,41.01
47172,41.01
47185,41.22
47200,40.83
47213,40.83
47226,40.83
47240,40.83
47253,41.22
47267,40.83
47281,41.03
47294,41.03
47307,41.03
47321,41.03
47335,40.83
47348,41.22
47362,41.03
47375,40.65
47388,40.83
47403,40.65
47416,41.01
47429,41.22
47442,41.01
47457,40.83
47470,40.83
47483,40.83
47497,40.83
47510,41.03
47524,40.62
47538,40.83
47551,41.03
47564,40.85
47578,41.40
47592,41.03
47605,41.22
47619,41.22
47632,41.03
47645,41.01
47660,40.83
47673,41.03
47686,41.03
47699,41.19
47713,41.22
47727,41.01
47740,41.22
47754,40.83
47767,40.83
47780,41.03
47795,40.85
47808,40.83
47821,41.01
47835,41.22
47848,41.03
47862,41.03
47876,41.03
47889,41.03
47902,41.01
47916,40.83
47930,41.01
47943,41.22
47956,41.03
47970,41.01
47983,41.01
47997,41.03
48011,41.01
48024,41.22
48037,41.01
48051,41.03
48065,40.85
48078,40.83
48092,41.03
48105,41.03
48118,41.03
48133,41.01
48146,41.22
48159,41.03
48173,41.22
48186,40.83
48200,41.03
48214,41.01
48227,40.65
48240,41.22
48253,40.83
48268,41.01
48281,40.83
48294,40.65
48308,41.03
48322,41.01
48335,41.03
48349,41.03
48362,40.85
48375,41.22
48390,41.22
48403,41.22
48416,41.03
48430,41.24
48443,40.83
48457,40.83
48471,40.83
48484,41.01
48497,41.22
48510,41.03
48525,41.22
48538,41.01
48551,41.03
48565,41.01
48578,41.03
48592,41.01
48606,40.83
48619,40.83
48632,41.03
48646,40.83
48660,41.22
48673,41.22
48687,41.22
48700,40.83
48713,41.03
48728,40.65
48741,41.01
48754,40.62
48768,41.01
48781,41.01
48795,41.03
48808,40.83
48822,41.03
48835,41.03
48848,41.22
48863,41.01
48876,40.83
48889,40.83
48903,40.65
48916,41.01
48930,40.83
48944,41.22
48957,40.83
48970,41.03
48984,41.03
48998,41.40
49011,42.39
49025,41.79
49038,41.01
49051,41.61
49065,42.00
49079,40.04
49092,41.58
49105,42.02
49119,42.41
49133,43.00
49146,43.58
49160,42.81
49173,42.78
49187,43.58
49201,40.88
49214,40.29
49227,40.22
49241,39.83
49255,39.83
49268,42.41
49282,42.22
49295,42.41
49308,42.60
49323,43.18
49336,42.64
49349,45.14
49362,42.99
49376,43.57
49390,43.57
49403,46.67
49417,42.60
49430,41.79
49443,42.60
49458,43.38
49471,43.76
49484,42.78
49498,42.78
49511,41.24
49525,43.37
49539,43.16
49552,42.99
49565,43.19
49579,43.40
49593,45.14
49606,43.60
49619,41.47
49633,41.72
49646,44.15
49660,44.74
49674,44.55
49687,44.18
49700,41.92
49714,41.65
49728,47.44
49741,43.76
49755,45.91
49768,44.55
49781,42.39
49796,43.16
49809,41.98
49822,43.00
49836,43.18
49849,43.74
49863,46.32
49876,50.93
49890,54.82
49903,51.48
49916,48.91
49931,48.42
49944,47.89
49957,47.87
49971,46.11
49985,47.66
49998,47.28
50012,47.48
50025,46.27
50038,47.09
50053,44.94
50066,43.79
50079,44.16
50093,46.52
50106,46.50
50120,45.34
50134,46.13
50147,44.94
50160,45.34
50173,46.32
50188,46.12
50201,47.29
50214,47.31
50228,48.67
50241,48.07
50255,47.85
50269,47.08
50282,46.12
50295,47.55
50309,47.53
50323,46.71
50336,46.69
50350,46.89
50363,48.07
50376,46.89
50391,45.90
50404,46.89
50417,47.28
50430,47.68
50444,48.65
50458,48.85
50471,45.34
50485,47.70
50498,48.28
50511,48.05
50526,49.09
50539,49.88
50552,49.84
50566,49.42
50579,49.06
50593,49.03
50607,49.06
50620,48.85
50633,48.85
50647,48.62
50661,49.27
50674,49.95
50688,52.36
50701,50.72
50714,47.66
50728,47.26
50742,47.87
50755,46.35
50768,46.69
50782,47.26
50796,47.31
50809,46.91
50823,46.51
50836,46.53
50850,46.55
50864,47.89
50877,49.66
50890,49.63
50904,51.00
50918,58.73
50931,47.87
50945,47.43
50958,48.28
50971,48.83
50985,48.21
50999,48.80
51012,48.67
51025,48.46
51039,49.06
51053,48.46
51066,48.67
51080,49.84
51093,48.67
51106,48.28
51121,47.87
51134,47.85
51147,48.57
51161,46.10
51174,48.05
51188,49.99
51202,50.06
51215,50.41
51228,50.62
51241,50.93
51256,50.27
51269,50.02
51282,49.42
51296,49.45
51309,49.63
51323,49.63
51337,49.21
51350,48.55
51363,31.88
51377,47.95
51391,52.03
51404,54.42
51418,51.10
51431,49.48
51444,50.45
51459,50.20
51472,49.21
51485,47.26
51499,48.42
51512,49.99
51526,49.42
51539,49.42
51553,49.99
51566,48.95
51579,49.39
51594,50.02
51607,49.81
51620,49.60
51634,49.60
51647,49.06
51661,49.39
51675,49.24
51688,50.02
51701,50.41
51716,50.41
51729,50.58
51742,50.62
51756,50.20
51769,50.37
51783,51.31
51796,49.01
51810,49.95
51823,50.37
51836,50.58
51851,50.37
51864,50.20
51877,50.58
51891,51.18
51904,51.36
51918,51.18
51932,51.79
51945,51.96
51958,51.57
51972,51.18
51986,51.01
51999,51.36
52013,51.01
52026,50.97
52039,50.58
52054,50.76
52067,50.76
52080,51.36
52093,50.97
52107,51.18
52121,51.18
52134,51.18
52148,51.18
52161,51.36
52174,51.18
52189,50.97
52202,51.18
52215,51.36
52229,50.80
52242,51.18
52256,50.97
52270,51.18
52283,50.80
52296,50.76
52310,50.97
52324,51.57
52337,51.79
52350,51.40
52364,51.74
52377,51.36
52391,51.14
52405,50.76
52418,51.18
52431,51.36
52445,51.36
52459,51.40
52472,51.18
52486,51.40
52499,51.36
52512,51.57
52527,51.57
52540,51.36
52553,51.36
52567,51.18
52581,51.40
52594,51.36
52608,51.57
52621,51.36
52634,51.36
52648,51.18
52662,51.14
52675,51.57
52688,51.36
52702,51.36
52716,51.18
52729,51.18
52743,51.18
52756,51.18
52769,51.18
52784,51.14
52797,51.18
52810,50.80
52824,51.18
52837,51.18
52851,51.01
52865,51.18
52878,51.01
52891,51.18
52904,51.36
52919,51.18
52932,51.40
52945,51.36
52959,51.14
52972,50.97
52986,51.57
53000,51.40
53013,51.36
53026,51.01
53040,51.14
53054,51.36
53067,51.36
53081,51.18
53094,51.18
53107,51.40
53122,51.18
53135,51.36
53148,51.36
53161,50.80
53175,51.14
53189,51.18
53202,51.36
53216,51.36
53229,51.18
53242,51.57
53257,51.18
53270,51.57
53283,51.36
53297,51.36
53310,51.14
53324,51.18
53338,51.18
53351,51.36
53364,51.18
53378,51.36
53392,51.18
53405,51.36
53419,51.18
53432,51.18
53446,51.18
53459,51.14
53473,51.36
53486,51.36
53499,51.57
53514,51.36
53527,51.18
53540,51.14
53554,51.14
53567,50.97
53581,51.36
53595,51.40
53608,51.57
53621,51.36
53635,51.36
53649,51.36
53662,51.36
53676,50.97
53689,51.36
53702,51.36
53716,51.40
53730,51.18
53743,51.36
53756,51.18
53770,51.57
53784,51.18
53797,51.18
53811,51.18
53824,51.36
53837,51.40
53852,51.18
53865,51.57
53878,51.40
53892,51.79
53905,51.36
53919,51.79
53933,51.57
53946,51.36
53959,51.36
53972,51.36
53987,51.01
54000,50.97
54013,51.36
54027,51.18
54040,51.18
54054,51.18
54068,51.36
54081,51.57
54094,52.13
54108,51.40
54122,51.36
54135,51.53
54149,51.74
54162,51.57
54175,51.57
54190,51.36
54203,51.18
54216,51.57
54230,51.57
54243,51.57
54257,51.40
54270,51.14
54284,51.36
54297,51.36
54311,51.40
54325,51.36
54338,51.57
54351,51.36
54365,51.36
54379,51.40
54392,51.18
54406,51.36
54419,51.36
54432,51.57
54447,51.36
54460,51.18
54473,51.18
54487,51.57
54500,51.36
54514,51.36
54528,51.57
54541,51.57
54554,51.18
54567,51.36
54582,51.53
54595,51.36
54608,51.18
54622,51.57
54635,51.36
54649,51.36
54663,51.31
54676,50.97
54689,51.18
54703,51.36
54717,51.79
54730,51.57
54744,51.36
54757,51.18
54770,51.18
54785,51.36
54798,51.40
54811,51.18
54824,51.36
54838,51.36
54852,51.18
54865,51.36
54879,51.57
54892,51.18
54905,51.57
54920,51.57
54933,51.57
54946,51.57
54960,51.53
54973,51.14
54987,50.97
55001,51.14
55014,51.18
55027,51.18
55041,51.36
55055,51.18
55068,51.36
55081,51.18
55095,51.36
55108,51.57
55122,51.18
55136,51.40
55149,51.40
55162,51.36
55177,51.14
55190,51.57
55203,51.18
55217,51.36
55230,51.36
55244,51.18
55258,50.93
55271,50.97
55284,51.36
55298,51.40
55312,51.36
55325,51.57
55339,51.36
55352,51.18
55365,51.36
55379,51.36
55393,51.18
55406,51.18
55419,51.57
55433,51.14
55447,51.36
55460,51.18
55474,51.18
55487,51.40
55500,51.14
55515,51.18
55528,51.36
55541,51.57
55555,51.14
55568,51.36
55582,51.40
55596,51.18
55609,51.57
55622,51.74
55635,51.74
55650,51.57
55663,51.40
55676,51.79
55690,51.79
55703,51.36
55717,50.97
55731,51.18
55744,51.14
55757,51.14
55771,51.14
55785,51.36
55798,51.40
55812,51.36
55825,51.36
55838,51.36
55853,51.18
55866,51.31
55879,51.36
55892,51.40
55906,51.36
55920,51.18
55933,51.18
55947,51.36
55960,51.18
55973,51.14
55988,51.36
56001,51.36
56014,51.36
56028,51.18
56042,51.36
56055,51.36
56069,51.18
56082,51.18
56095,51.18
56110,51.18
56123,51.36
56136,51.36
56150,51.57
56163,51.18
56177,51.36
56190,51.79
56204,51.53
56217,51.36
56230,51.18
56245,51.18
56258,51.36
56271,51.36
56285,51.36
56298,51.57
56312,51.36
56326,51.18
56339,51.36
56352,51.14
56366,51.36
56380,51.36
56393,51.36
56407,50.97
56420,51.36
56433,51.53
56448,51.40
56461,51.57
56474,51.40
56487,51.40
56501,51.36
56515,51.18
56528,51.40
56542,51.36
56555,51.57
56568,51.18
56583,51.57
56596,51.18
56609,51.18
56623,51.18
56636,51.36
56650,51.36
56664,51.18
56677,51.14
56690,51.18
56704,51.40
56718,51.18
56731,51.36
56744,51.36
56758,51.18
56771,51.18
56785,51.36
56799,51.57
56812,51.57
56825,51.62
56839,51.18
56853,51.40
56866,50.97
56880,50.97
56893,50.97
56907,51.14
56921,51.57
56934,51.79
56947,50.97
56961,51.57
56975,51.18
56988,50.80
57001,51.18
57015,51.18
57028,51.36
57042,51.36
57056,51.18
57069,51.36
57082,51.57
57096,51.57
57110,51.36
57123,51.36
57137,51.40
57150,51.14
57163,50.97
57178,51.18
57191,50.97
57204,51.18
57218,51.14
57231,51.36
57245,51.18
57259,51.40
57272,51.57
57285,51.18
57298,50.97
57313,51.36
57326,51.36
57339,51.18
57353,51.14
57366,51.18
57380,51.18
57394,51.14
57407,51.36
57420,51.36
57434,51.14
57448,51.36
57461,51.36
57475,51.14
57488,51.14
57501,51.70
57516,51.91
57529,52.29
57542,52.51
57555,52.29
57569,54.39
57583,53.17
57596,52.78
57610,54.10
57623,54.48
57636,52.44
57651,54.55
57664,53.33
57677,54.16
57691,54.10
57704,54.10
57718,54.32
57732,54.86
57745,53.94
57758,53.49
57773,54.10
57786,54.32
57799,53.72
57812,53.88
57826,53.66
57840,54.04
57853,54.48
57867,54.10
57880,53.86
57893,54.48
57908,55.23
57921,55.02
57934,55.14
57948,55.62
57961,55.16
57975,55.02
57989,57.85
58002,56.54
58015,54.10
58029,55.11
58043,56.77
58056,54.71
58070,54.86
58083,55.09
58096,55.09
58110,54.80
58124,55.47
58137,55.24
58150,56.23
58164,55.24
58178,55.70
58191,55.31
58205,55.47
58218,55.47
58231,55.31
58246,55.47
58259,55.47
58272,55.47
58286,55.62
58299,55.77
58313,55.40
58327,55.40
58340,55.40
58353,55.24
58366,55.78
58381,56.08
58394,56.99
58407,56.00
58421,56.69
58434,57.36
58448,56.54
58462,57.22
58475,56.84
58488,57.07
58502,57.45
58516,56.99
58529,56.61
58543,55.85
58556,56.54
58569,57.30
58584,56.23
58597,57.25
58610,52.47
58624,57.82
58638,56.61
58651,57.27
58664,55.64
58678,57.36
58691,56.53
58705,56.08
58719,58.49
58732,57.64
58745,57.62
58759,56.84
58773,57.82
58786,59.37
58800,60.27
58813,57.15
58826,54.26
58841,56.69
58854,57.01
58867,57.00
58881,56.99
58894,57.45
58908,57.74
58921,58.03
58935,57.82
58948,56.92
58961,56.53
58976,57.51
58989,57.45
59002,57.53
59016,56.46
59029,56.23
59043,56.38
59057,59.88
59070,61.02
59083,60.51
59097,60.30
59111,59.79
59124,58.67
59138,58.76
59151,56.69
59164,55.40
59179,55.55
59192,56.46
59205,56.38
59218,57.36
59232,55.33
59246,58.52
59259,57.82
59273,59.28
59286,59.42
59299,59.04
59314,58.81
59327,57.91
59340,57.59
59354,56.61
59367,56.61
59381,55.24
59395,57.51
59408,55.33
59421,56.53
59435,57.08
59449,58.00
59462,57.45
59475,53.48
59489,44.77
59503,55.26
59516,58.43
59530,59.81
59543,62.11
59556,63.58
59571,63.70
59584,63.58
59597,59.76
59611,60.64
59624,55.95
59638,70.19
59652,63.70
59665,57.00
59678,54.86
59692,57.91
59706,60.13
59719,58.95
59732,61.12
59746,57.28
59759,59.28
59773,60.03
59787,62.25
59800,62.37
59813,61.87
59827,62.37
59841,63.23
59854,61.12
59868,60.17
59881,60.75
59894,59.00
59909,62.13
59922,60.88
59935,61.87
59949,61.52
59962,61.50
59976,61.87
59990,62.00
60003,61.87
60016,61.50
60029,60.64
60044,59.93
60057,59.56
60070,58.81
60084,58.34
60097,58.81
60111,59.04
60125,59.19
60138,58.43
60151,58.06
60165,58.34
60179,57.82
60192,57.51
60206,57.59
60219,57.97
60232,57.74
60247,58.67
60260,57.82
60273,58.43
60286,58.43
60300,58.20
60314,58.20
60327,58.43
60341,58.43
60354,58.20
60368,57.97
60382,57.97
60395,58.20
60408,58.58
60422,58.20
60436,57.82
60449,57.74
60463,57.59
60476,57.97
60489,58.20
60504,58.20
60517,58.34
60530,58.20
60544,58.20
60557,58.43
60571,58.81
60584,58.58
60598,59.04
60611,58.95
60624,58.58
60639,58.81
60652,58.81
60665,59.56
60679,59.42
60692,59.42
60706,59.32
60720,59.19
60733,59.42
60746,59.56
60760,59.42
60774,59.56
60787,59.79
60801,59.56
60814,59.79
60827,59.79
60841,59.32
60855,59.56
60868,59.56
60881,59.56
60895,59.19
60909,59.79
60922,59.79
60936,60.64
60949,60.03
60962,60.27
60977,59.93
60990,59.32
61003,59.56
61017,60.17
61030,60.17
61044,60.40
61058,60.40
61071,60.17
61084,59.56
61097,59.56
61112,59.93
61125,60.17
61138,60.40
61152,60.27
61165,59.79
61179,59.79
61193,59.32
61206,59.79
61219,60.17
61234,60.40
61247,60.78
61260,60.30
61274,60.17
61287,59.79
61301,60.17
61315,60.40
61328,60.51
61341,60.91
61355,60.30
61369,60.30
61382,60.40
61395,60.78
61409,60.67
61422,61.02
61436,60.78
61450,60.30
61463,60.40
61476,60.30
61490,60.40
61504,60.54
61517,59.93
61531,60.78
61544,60.78
61557,60.64
61572,60.78
61585,60.67
61598,61.26
61612,61.39
61625,61.02
61639,60.78
61652,61.02
61666,61.39
61679,61.02
61692,61.15
61707,61.02
61720,61.26
61733,61.39
61747,61.26
61760,61.63
61774,61.76
61788,61.63
61801,61.74
61814,60.78
61828,61.39
61842,61.15
61855,61.39
61869,62.00
61882,61.39
61895,61.87
61910,61.15
61923,60.91
61936,61.02
61949,61.39
61963,61.63
61977,61.63
61990,61.76
62004,61.39
62017,61.02
62030,60.67
62045,61.39
62058,61.39
62071,61.39
62085,61.39
62099,61.02
62112,60.54
62126,60.78
62139,60.88
62152,61.15
62167,61.15
62180,61.76
62193,61.50
62206,61.39
62220,60.91
62234,61.15
62247,61.39
62261,61.50
62274,61.63
62287,61.26
62302,60.78
62315,61.02
62328,61.15
62342,61.02
62355,61.39
62369,61.15
62383,61.15
62396,61.02
62409,61.39
62423,61.39
62437,60.78
62450,61.26
62464,60.91
62477,60.78
62490,61.02
62504,61.15
62518,61.26
62531,61.15
62544,61.15
62558,61.28
62572,61.15
62585,61.02
62599,61.02
62612,61.39
62625,60.91
62640,61.02
62653,61.02
62666,60.91
62680,61.63
62693,61.39
62707,61.26
62721,61.15
62734,60.78
62747,61.15
62760,61.02
62775,61.15
62788,61.39
62801,61.15
62815,61.02
62828,61.15
62842,60.91
62856,60.78
62869,60.91
62882,61.39
62896,61.15
62910,61.26
62923,61.02
62937,61.02
62950,60.54
62964,60.54
62978,61.17
62991,61.02
63004,60.91
63017,60.78
63032,61.02
63045,60.91
63058,61.02
63072,60.78
63085,61.15
63099,61.02
63113,60.78
63126,61.39
63139,61.39
63153,61.02
63167,61.15
63180,60.91
63194,61.02
63207,60.54
63220,61.02
63235,61.02
63248,61.15
63261,60.78
63275,60.78
63288,60.40
63302,60.54
63315,60.78
63329,61.15
63342,60.40
63355,60.91
63370,61.02
63383,61.02
63396,61.39
63410,61.15
63423,60.91
63437,60.78
63451,60.78
63464,61.02
63477,60.78
63491,60.91
63505,60.78
63518,60.78
63532,61.02
63545,61.02
63558,61.02
63572,60.54
63586,60.78
63599,60.54
63612,60.54
63626,61.39
63640,61.39
63653,61.02
63667,60.78
63680,60.91
63693,60.91
63708,61.02
63721,60.91
63734,60.78
63748,60.91
63761,61.26
63775,61.02
63789,60.78
63802,60.91
63815,61.02
63830,61.02
63843,60.78
63856,61.02
63869,61.02
63883,61.02
63897,60.91
63910,60.78
63924,61.15
63937,61.15
63950,60.78
63965,60.91
63978,60.78
63991,60.54
64005,61.15
64018,61.26
64032,61.39
64046,61.15
64059,60.78
64072,60.54
64086,60.54
64100,61.02
64113,61.02
64126,61.15
64140,61.02
64153,61.02
64167,60.78
64181,60.78
64194,61.02
64207,60.91
64221,61.15
64235,60.91
64248,60.91
64262,61.15
64275,60.78
64288,60.78
64303,60.78
64316,60.78
64329,60.91
64343,61.02
64356,61.15
64370,61.15
64384,61.02
64397,60.78
64410,61.02
64423,60.78
64438,61.02
64451,61.15
64464,60.78
64478,60.91
64491,60.78
64505,61.26
64519,61.02
64532,61.15
64545,61.15
64559,60.91
64573,61.02
64586,60.78
64600,61.15
64613,60.78
64626,61.02
64641,61.26
64654,61.02
64667,61.02
64680,60.78
64695,61.02
64708,60.88
64721,60.78
64735,61.15
64748,61.02
64762,61.15
64776,61.02
64789,61.02
64802,60.78
64816,60.78
64830,60.78
64843,61.02
64857,61.15
64870,60.91
64883,60.54
64898,60.54
64911,60.78
64924,61.02
64937,61.39
64951,61.41
64965,61.28
64978,60.61
64992,60.80
65005,61.07
65018,61.48
65033,61.41
65046,61.17
65059,61.36
65073,61.15
65086,60.91
65100,60.88
65114,60.78
65127,60.54
65140,60.75
65154,60.78
65168,61.15
65181,61.26
65195,60.78
65208,61.02
65221,60.54
65235,60.91
65249,60.78
65262,60.78
65275,60.91
65289,60.78
65303,60.91
65316,60.78
65330,60.78
65343,60.91
65356,61.15
65371,61.02
65384,60.78
65397,60.78
65411,60.40
65424,60.54
65438,60.78
65452,60.78
65465,60.91
65478,61.02
65491,61.02
65506,61.02
65519,60.91
65532,60.78
65546,60.78
65560,60.54
65573,60.78
65587,61.02
65600,61.02
65613,61.15
65628,60.91
65641,60.78
65654,60.64
65668,60.64
65681,60.78
65695,60.91
65709,61.02
65722,60.78
65735,60.78
65748,60.67
65763,60.91
65776,60.64
65789,60.78
65803,61.15
65816,61.02
65830,60.88
65844,60.78
65857,61.02
65870,60.78
65884,61.02
65898,60.64
65911,61.02
65925,60.78
65938,60.78
65951,60.78
65966,60.78
65979,61.02
65992,60.78
66006,60.91
66019,61.15
66033,61.02
66046,60.88
66060,60.91
66073,61.02
66086,60.78
66101,60.88
66114,61.02
66127,61.39
66141,61.74
66154,61.12
66168,61.15
66182,61.02
66195,61.02
66208,61.02
66222,60.67
66236,60.67
66249,60.78
66263,60.54
66276,60.78
66289,60.40
66304,60.78
66317,61.02
66330,61.02
66343,61.15
66357,60.78
66371,60.64
66384,60.91
66398,60.78
66411,61.02
66425,61.02
66439,60.78
66452,60.78
66465,60.54
66479,60.64
66493,60.64
66506,60.91
66520,60.78
66533,60.91
66546,60.78
66561,60.78
66574,60.54
66587,60.54
66600,60.78
66614,60.78
66628,61.15
66641,61.02
66655,61.15
66668,60.78
66681,60.40
66696,60.78
66709,60.78
66722,60.78
66736,60.78
66749,61.02
66763,60.78
66777,60.54
66790,60.78
66803,61.02
66817,60.78
66831,60.78
66844,60.54
66857,60.91
66871,60.91
66884,60.54
66898,61.02
66912,61.02
66925,61.15
66938,60.54
66952,60.78
66966,60.91
66979,60.78
66993,60.78
67006,61.02
67019,60.91
67034,60.78
67047,61.02
67060,60.78
67074,60.64
67087,60.54
67101,60.78
67115,60.78
67128,61.02
67141,61.15
67154,60.91
67169,61.02
67182,61.15
67195,60.78
67209,60.40
67222,60.78
67236,60.78
67250,60.78
67263,61.02
67276,61.15
67291,60.78
67304,60.54
67317,61.02
67331,60.40
67344,60.91
67358,61.02
67372,60.91
67385,60.78
67398,60.78
67411,61.15
67426,60.78
67439,60.54
67452,60.54
67466,60.54
67479,60.78
67493,60.78
67507,61.02
67520,61.39
67533,60.78
67547,60.78
67561,60.54
67574,60.78
67588,60.78
67601,60.78
67614,61.02
67629,61.02
67642,60.91
67655,61.02
67668,61.15
67682,60.78
67696,61.02
67709,60.91
67723,60.78
67736,60.67
67749,60.54
67764,60.78
67777,61.15
67790,61.15
67804,61.02
67817,60.78
67831,61.02
67845,60.54
67858,61.02
67871,60.78
67885,61.02
67899,61.02
67912,60.54
67926,60.78
67939,60.78
67952,61.26
67966,60.78
67980,60.91
67993,60.78
68006,60.64
68020,60.78
68034,60.78
68047,60.78
68061,61.02
68074,61.15
68087,61.15
68102,61.02
68115,61.02
68128,60.67
68142,60.78
68156,60.54
68169,60.78
68183,60.78
68196,60.94
68209,61.15
68224,61.12
68237,60.80
68250,61.02
68263,60.88
68277,60.91
68291,60.78
68304,60.88
68318,60.67
68331,60.78
68344,60.88
68359,60.78
68372,60.91
68385,61.26
68399,61.15
68412,60.40
68426,60.91
68440,61.02
68453,61.02
68466,60.78
68480,60.78
68494,60.78
68507,60.78
68520,61.02
68534,60.91
68547,61.15
68561,60.78
68575,61.15
68588,60.54
68601,60.78
68615,60.78
68629,61.15
68642,60.91
68656,61.02
68669,61.15
68682,61.02
68697,60.78
68710,60.78
68723,61.02
68737,60.91
68750,61.15
68764,61.02
68777,60.91
68791,60.78
68804,60.78
68817,60.78
68832,60.78
68845,61.26
68858,61.02
68872,61.15
68885,60.78
68899,60.91
68913,60.78
68926,60.78
68939,60.91
68953,61.02
68967,60.78
68980,61.15
68994,60.78
69007,60.78
69021,61.02
69035,60.91
69048,60.78
69061,60.78
69074,60.54
69089,60.91
69102,61.02
69115,60.78
69129,60.78
69142,60.91
69156,60.88
69170,60.54
69183,60.67
69196,60.78
69210,60.91
69224,61.50
69237,61.39
69251,60.40
69264,60.67
69277,60.64
69292,60.54
69305,60.78
69318,61.02
69331,60.91
69345,61.02
69359,60.91
69372,60.64
69386,60.54
69399,60.78
69412,60.78
69427,60.78
69440,61.15
69453,60.78
69467,60.78
69480,60.91
69494,60.78
69508,60.91
69521,60.78
69534,60.78
69548,60.78
69562,60.54
69575,61.02
69588,61.39
69602,61.02
69615,61.02
69629,60.91
69643,60.54
69656,60.54
69669,60.30
69683,60.91
69697,60.54
69710,60.78
69724,60.91
69737,60.54
69750,60.91
69765,61.39
69778,60.78
69791,61.15
69805,60.78
69818,61.02
69832,61.26
69846,61.02
69859,60.78
69872,61.28
69886,60.78
69900,61.89
69913,60.88
69926,61.02
69940,61.15
69954,61.02
69967,60.94
69981,62.13
69994,62.73
70007,62.98
70022,63.22
70035,63.22
70048,62.98
70062,63.10
70075,62.61
70089,62.61
70103,62.13
70116,62.73
70129,62.35
70142,62.13
70157,62.38
70170,62.61
70183,62.61
70197,62.49
70210,62.37
70224,63.22
70238,62.73
70251,63.46
70264,62.73
70278,62.98
70292,61.89
70305,62.86
70319,62.98
70332,63.10
70345,62.73
70360,62.86
70373,63.59
70386,63.22
70400,63.46
70413,63.46
70427,62.98
70440,63.46
70454,63.59
70467,64.31
70480,62.48
70495,64.07
70508,64.19
70521,63.83
70535,65.30
70548,64.44
70562,64.08
70576,64.56
70589,64.44
70602,64.31
70616,64.19
70630,63.71
70643,64.07
70657,66.02
70670,64.80
70683,64.80
70697,63.95
70711,63.71
70724,63.95
70737,64.57
70752,64.31
70765,63.83
70778,63.96
70792,64.07
70805,63.95
70819,64.56
70833,64.19
70846,64.44
70859,64.80
70873,64.32
70887,63.71
70900,63.59
70914,64.19
70927,64.67
70940,64.92
70955,64.56
70968,64.19
70981,64.56
70994,64.56
71008,64.80
71022,64.19
71035,65.17
71049,63.10
71062,63.95
71075,63.83
71090,65.05
71103,64.32
71116,63.95
71130,64.43
71143,63.34
71157,66.74
71171,64.19
71184,63.94
71197,63.94
71211,66.56
71225,65.17
71238,64.30
71251,64.44
71265,64.80
71278,64.07
71292,65.17
71306,65.03
71319,64.56
71332,65.66
71346,67.24
71360,66.66
71373,70.01
71387,65.41
71400,66.13
71413,66.13
71428,67.13
71441,66.63
71454,67.13
71468,66.99
71481,66.63
71495,66.38
71508,65.77
71522,66.52
71535,66.88
71548,66.99
71563,67.24
71576,66.74
71589,66.49
71603,67.03
71617,66.60
71630,66.88
71644,66.95
71657,66.52
71670,66.49
71685,66.38
71698,66.49
71711,65.53
71725,65.41
71738,65.77
71752,66.63
71766,66.99
71779,67.84
71792,70.24
71805,66.52
71820,66.66
71833,67.49
71846,68.05
71860,66.99
71873,67.74
71887,67.24
71901,67.13
71914,66.74
71927,67.49
71941,67.09
71955,67.84
71968,67.84
71982,66.99
71995,67.49
72008,67.49
72023,67.24
72036,67.59
72049,66.84
72062,66.99
72076,67.84
72090,67.59
72103,67.84
72117,67.49
72130,67.84
72143,67.95
72158,67.34
72171,67.49
72184,68.10
72198,68.35
72211,68.10
72225,68.10
72239,68.10
72252,67.84
72265,68.45
72279,68.10
72293,67.49
72306,69.91
72320,69.05
72333,67.49
72346,67.59
72360,67.24
72374,68.10
72387,67.74
72400,68.10
72414,68.45
72428,68.70
72441,68.10
72455,68.20
72468,68.10
72482,68.35
72496,68.70
72509,68.70
72522,68.80
72536,68.45
72550,68.20
72563,68.10
72577,68.45
72590,68.60
72603,69.05
72617,69.05
72631,69.31
72644,69.31
72657,69.15
72671,69.21
72685,69.72
72698,69.31
72712,69.31
72725,69.05
72738,69.05
72753,69.05
72766,69.40
72779,69.40
72793,70.08
72806,70.77
72820,70.26
72834,70.17
72847,70.17
72860,70.17
72873,70.26
72888,70.26
72901,70.42
72914,70.60
72928,70.86
72941,71.12
72955,70.86
72969,70.60
72982,70.77
72995,71.12
73009,70.60
73023,70.77
73036,70.17
73050,70.26
73063,70.77
73076,70.86
73091,71.12
73104,71.29
73117,71.29
73131,71.03
73144,72.15
73158,71.63
73171,71.46
73185,71.37
73198,71.12
73211,71.63
73226,71.29
73239,71.54
73252,72.06
73266,71.71
73279,72.65
73293,71.71
73307,71.54
73320,71.97
73333,71.29
73348,71.71
73361,71.89
73374,71.71
73388,71.20
73401,71.71
73415,72.31
73428,71.46
73442,71.20
73455,74.48
73468,70.14
73483,68.25
73496,73.59
73509,74.32
73523,69.41
73536,74.63
73550,73.94
73564,73.27
73577,69.84
73590,67.16
73604,66.50
73618,69.98
73631,69.72
73645,67.36
73658,70.51
73671,69.05
73686,69.72
73699,69.91
73712,69.75
73725,70.42
73739,70.01
73753,70.01
73766,69.82
73780,69.56
73793,69.56
73806,69.82
73821,70.26
73834,69.82
73847,70.60
73861,70.51
73874,70.26
73888,68.96
73902,70.68
73915,70.68
73928,70.19
73942,70.42
73956,71.37
73969,70.95
73982,70.68
73996,69.66
74009,69.91
74023,69.05
74037,69.91
74050,71.38
74063,70.42
74077,70.60
74091,69.66
74104,68.80
74118,69.75
74131,69.91
74144,69.91
74159,69.66
74172,69.31
74185,69.31
74199,69.47
74213,69.82
74226,69.66
74240,68.80
74253,68.80
74266,69.66
74280,69.31
74294,69.05
74307,69.66
74320,68.80
74334,69.31
74348,68.96
74361,68.20
74375,68.45
74388,68.30
74401,69.31
74416,68.45
74429,69.25
74442,68.35
74456,68.45
74469,68.80
74483,70.15
74497,70.24
74510,67.79
74523,68.40
74536,67.34
74551,68.96
74564,68.45
74577,68.45
74591,67.49
74604,68.10
74618,68.20
74632,67.95
74645,68.45
74658,67.59
74672,67.95
74686,67.95
74699,67.84
74713,67.95
74726,68.70
74739,68.55
74754,68.70
74767,68.70
74780,69.31
74793,69.66
74807,69.31
74821,69.66
74834,69.40
74848,69.56
74861,69.40
74874,69.56
74889,70.01
74902,70.26
74915,70.26
74929,70.01
74942,70.51
74956,70.51
74970,70.26
74983,70.26
74996,70.51
75010,70.51
75024,69.66
75037,69.66
75051,70.01
75064,70.17
75078,69.91
75091,69.91
75105,70.26
75118,70.17
75131,70.51
75146,70.26
75159,70.08
75172,69.66
75186,69.91
75199,70.17
75213,70.17
75227,70.26
75240,70.17
75253,70.17
75267,70.26
75281,70.42
75294,69.91
75308,70.26
75321,70.26
75334,70.17
75348,69.91
75362,70.17
75375,70.01
75388,70.26
75402,70.17
75416,70.17
75429,70.51
75443,70.26
75456,70.51
75469,69.91
75484,69.91
75497,69.91
75510,70.01
75524,69.82
75537,70.17
75551,70.01
75565,70.26
75578,69.82
75591,70.26
75604,69.91
75619,69.91
75632,70.17
75645,70.01
75659,70.01
75672,70.17
75686,70.26
75700,70.42
75713,70.01
75726,70.17
75740,70.17
75754,70.51
75767,70.26
75781,70.51
75794,70.17
75807,69.91
75822,70.17
75835,69.91
75848,70.01
75862,69.66
75876,70.26
75889,70.42
75902,70.26
75916,70.51
75929,70.42
75943,69.91
75957,70.51
75970,69.75
75983,70.17
75997,70.26
76011,70.17
76024,69.91
76038,70.01
76051,70.26
76064,69.91
76079,70.42
76092,70.26
76105,70.17
76119,70.17
76132,70.01
76146,70.17
76160,70.17
76173,70.17
76186,70.51
76199,70.17
76214,70.17
76227,70.17
76240,70.26
76254,70.51
76267,70.01
76281,70.42
76295,70.17
76308,70.26
76321,70.17
76335,69.91
76349,70.17
76362,70.51
76376,70.17
76389,70.26
76402,70.51
76417,70.17
76430,70.26
76443,70.17
76456,70.26
76470,70.17
76484,69.91
76497,70.17
76511,70.42
76524,69.82
76537,70.17
76552,70.26
76565,69.91
76578,70.01
76592,70.26
76605,70.17
76619,70.17
76633,70.01
76646,70.26
76659,69.66
76673,69.91
76687,69.75
76700,70.26
76713,70.51
76727,70.77
76740,70.51
76754,69.91
76768,70.17
76781,69.82
76794,70.01
76809,70.17
76822,70.26
76835,70.01
76849,70.35
76862,70.01
76876,69.50
76890,70.77
76903,70.42
76916,70.77
76930,70.17
76944,70.01
76957,70.42
76971,70.17
76984,70.01
76997,69.91
77011,70.17
77025,70.68
77038,70.51
77051,70.17
77065,70.35
77079,70.26
77092,70.01
77106,70.17
77119,69.91
77132,70.51
77147,70.26
77160,70.42
77173,70.26
77187,70.17
77200,70.26
77214,70.26
77228,70.01
77241,70.26
77254,70.01
77267,70.26
77282,70.68
77295,70.17
77308,70.51
77322,70.26
77335,70.26
77349,70.08
77363,69.91
77376,69.91
77389,69.91
77403,69.91
77417,70.01
77430,70.51
77444,70.08
77457,70.42
77470,70.42
77485,69.91
77498,70.01
77511,70.17
77524,70.01
77538,69.91
77552,70.17
77565,70.17
77579,70.17
77592,70.17
77605,70.51
77620,70.51
77633,70.42
77646,70.17
77660,70.01
77674,70.17
77687,69.82
77701,70.51
77714,70.42
77727,70.26
77742,70.77
77755,70.51
77768,70.26
77782,70.17
77795,70.17
77809,70.42
77822,70.26
77836,70.77
77849,70.77
77862,70.26
77877,70.17
77890,70.17
77903,70.17
77917,70.26
77930,69.91
77944,70.42
77958,70.42
77971,70.42
77984,70.51
77998,70.17
78012,70.17
78025,70.42
78039,70.51
78052,70.26
78065,70.35
78080,70.26
78093,70.26
78106,70.01
78119,69.91
78133,69.91
78147,70.01
78160,70.26
78174,70.17
78187,70.26
78200,70.26
78215,70.17
78228,70.51
78241,71.03
78255,70.42
78268,70.42
78282,70.42
78296,70.51
78309,70.42
78322,69.91
78336,69.66
78350,70.42
78363,70.42
78376,70.26
78390,70.77
78403,70.51
78417,70.26
78431,70.26
78444,70.17
78457,70.42
78471,70.51
78485,70.51
78498,70.42
78512,70.42
78525,70.01
78539,70.26
78553,70.17
78566,70.26
78579,70.26
78593,70.17
78607,70.51
78620,70.17
78633,70.26
78647,70.17
78660,69.91
78674,70.26
78688,70.35
78701,70.51
78714,70.17
78728,70.51
78742,70.42
78755,70.51
78769,70.17
78782,70.51
78795,70.77
78810,70.51
78823,70.77
78836,70.51
78850,70.60
78863,70.68
78877,70.26
78891,70.51
78904,70.26
78917,70.17
78930,70.51
78945,70.51
78958,70.77
78971,70.51
78985,70.77
78998,70.42
79012,70.77
79026,70.26
79039,70.51
79052,70.60
79066,70.26
79080,70.42
79093,70.26
79107,70.01
79120,70.51
79133,70.51
79148,70.17
79161,70.77
79174,70.77
79187,70.51
79201,70.60
79215,70.60
79228,70.51
79242,70.51
79255,70.17
79268,70.17
79283,70.51
79296,70.42
79309,70.26
79323,70.51
79336,70.26
79350,70.26
79364,70.51
79377,70.26
79390,70.26
79405,70.51
79418,70.51
79431,70.51
79444,70.26
79458,70.51
79472,70.26
79485,70.42
79499,70.42
79512,70.35
79525,70.77
79540,70.42
79553,70.51
79566,70.51
79580,70.17
79593,69.91
79607,70.51
79621,70.77
79634,70.51
79647,70.51
79661,70.01
79675,69.91
79688,70.26
79702,70.26
79715,70.77
79728,70.60
79742,70.26
79756,70.51
79769,70.26
79782,70.33
79796,70.26
79810,70.17
79823,70.17
79837,70.51
79850,70.26
79863,70.51
79878,70.17
79891,69.56
79904,70.26
79918,70.26
79931,69.91
79945,70.51
79959,70.51
79972,70.86
79985,70.26
79998,69.91
80013,70.17
80026,70.17
80039,70.26
80053,70.26
80066,70.42
80080,70.17
80094,70.26
80107,70.17
80120,69.75
80134,70.01
80148,69.91
80161,70.26
80175,70.26
80188,70.01
80201,69.66
80216,69.75
80229,70.17
80242,69.91
80256,70.01
80270,70.51
80283,70.51
80296,70.86
80310,70.26
80323,70.26
80337,70.01
80351,70.26
80364,70.01
80377,70.26
80391,70.17
80405,70.42
80418,70.10
80432,70.35
80445,70.01
80458,70.17
80473,69.66
80486,70.26
80499,70.51
80513,70.51
80526,70.77
80540,70.26
80553,70.26
80567,70.26
80580,70.26
80593,70.26
80608,70.01
80621,69.91
80634,70.35
80648,70.26
80661,70.60
80675,70.51
80689,70.26
80702,70.01
80715,70.26
80729,70.26
80743,70.17
80756,70.26
80770,70.51
80783,70.51
80796,70.51
80811,70.26
80824,70.17
80837,69.91
80850,69.75
80864,70.26
80878,70.51
80891,70.17
80905,70.26
80918,70.17
80931,70.17
80946,70.51
80959,70.26
80972,70.51
80986,70.51
80999,70.51
81013,69.91
81027,70.42
81040,70.42
81053,70.26
81068,70.26
81081,70.17
81094,70.26
81107,70.17
81121,70.42
81135,69.91
81148,70.26
81162,70.51
81175,70.17
81188,70.26
81203,70.26
81216,70.42
81229,70.51
81243,70.26
81256,70.17
81270,70.17
81284,70.51
81297,70.42
81310,70.51
81324,70.51
81338,70.42
81351,70.86
81364,70.51
81378,69.91
81391,70.26
81405,70.01
81419,70.77
81432,70.51
81445,70.51
81459,70.77
81473,70.35
81486,70.26
81500,70.17
81513,70.17
81526,70.42
81541,70.51
81554,70.51
81567,70.51
81581,70.51
81594,70.42
81608,69.91
81622,70.01
81635,70.17
81648,70.01
81661,70.51
81676,70.51
81689,70.26
81702,70.26
81716,70.26
81729,70.26
81743,69.91
81757,70.17
81770,70.26
81783,70.51
81797,70.26
81811,70.26
81824,70.51
81838,70.51
81851,70.42
81864,70.51
81879,70.68
81892,70.26
81905,70.68
81918,70.17
81932,70.26
81946,70.26
81959,70.26
81973,70.51
81986,70.51
82000,70.26
82014,70.17
82027,70.26
82040,70.51
82054,70.42
82068,70.17
82081,70.26
82095,70.17
82108,70.26
82121,70.77
82136,70.51
82149,70.26
82162,70.17
82176,69.91
82189,69.66
82203,70.17
82216,70.60
82230,70.68
82243,70.60
82256,70.17
82271,70.77
82284,70.51
82297,70.51
82311,70.51
82324,70.42
82338,70.77
82352,70.42
82365,70.77
82378,70.77
82392,70.51
82406,70.17
82419,70.17
82433,70.26
82446,70.26
82459,70.51
82473,70.51
82487,70.77
82500,70.51
82513,70.26
82527,70.26
82541,70.42
82554,70.51
82568,70.51
82581,70.17
82594,70.42
82609,70.42
82622,70.51
82635,70.51
82649,70.77
82662,70.51
82676,70.51
82690,70.26
82703,70.17
82716,70.51
82729,70.51
82744,70.42
82757,70.68
82770,70.42
82784,70.51
82798,70.26
82811,70.17
82825,70.17
82838,70.51
82851,70.77
82866,70.77
82879,70.68
82892,70.51
82906,70.17
82919,70.26
82933,70.51
82947,70.26
82960,70.77
82973,70.77
82987,70.77
83001,70.77
83014,70.26
83027,70.26
83041,70.26
83054,70.26
83068,70.42
83082,70.51
83095,70.51
83108,70.77
83122,70.51
83136,70.77
83149,70.51
83163,70.51
83176,70.17
83189,70.17
83204,70.51
83217,70.68
83230,70.77
83244,70.42
83257,70.51
83271,70.51
83284,70.77
83298,70.42
83311,70.51
83324,70.26
83339,70.26
83352,70.51
83365,70.42
83379,70.51
83392,70.51
83406,70.42
83420,70.17
83433,70.42
83446,70.51
83460,70.26
83474,70.26
83487,70.51
83501,70.77
83514,70.42
83527,70.35
83542,70.77
83555,70.68
83568,70.77
83581,70.26
83595,70.51
83609,70.60
83622,70.86
83636,70.51
83649,70.26
83662,70.51
83677,70.51
83690,70.51
83703,70.51
83717,70.51
83731,70.51
83744,70.68
83758,70.60
83771,70.51
83784,70.51
83799,70.51
83812,70.51
83825,70.51
83838,70.26
83852,70.51
83866,70.42
83879,70.26
83893,70.77
83906,70.77
83919,70.77
83934,70.51
83947,70.42
83960,70.77
83974,70.77
83987,70.51
84001,70.51
84015,70.42
84028,70.51
84041,70.51
84055,70.77
84069,70.77
84082,70.60
84096,70.17
84109,70.42
84122,70.17
84136,70.51
84150,70.51
84163,70.51
84176,70.85
84190,70.26
84204,70.51
84217,70.26
84231,70.51
84244,70.77
84257,70.77
84272,70.51
84285,70.51
84298,70.42
84312,70.33
84325,70.42
84339,70.42
84353,70.51
84366,70.77
84379,70.26
84392,70.77
84407,70.51
84420,70.60
84433,70.26
84447,70.68
84460,70.51
84474,70.51
84488,70.60
84501,70.51
84514,70.68
84528,70.42
84542,70.51
84555,70.42
84569,70.51
84582,70.51
84596,70.42
84610,70.77
84623,70.60
84636,70.42
84649,70.51
84664,70.51
84677,70.60
84690,70.60
84704,70.35
84717,70.26
84731,70.26
84745,70.26
84758,70.26
84771,70.77
84785,70.51
84799,70.77
84812,70.26
84826,70.17
84839,70.26
84852,70.51
84867,70.68
84880,70.51
84893,70.77
84907,71.03
84920,70.77
84934,70.51
84947,70.26
84961,70.51
84974,70.51
84987,70.42
85002,70.51
85015,70.77
85028,70.60
85042,70.77
85055,71.03
85069,70.42
85083,70.51
85096,70.51
85109,70.68
85123,70.77
85137,70.77
85150,71.03
85164,70.77
85177,70.51
85190,70.51
85204,70.26
85218,70.17
85231,70.26
85244,70.26
85258,70.77
85272,71.03
85285,71.03
85299,70.77
85312,70.77
85325,70.68
85340,70.51
85353,70.51
85366,70.42
85380,70.51
85393,70.51
85407,70.77
85421,70.94
85434,71.03
85447,70.51
85462,70.77
85475,70.51
85488,71.03
85501,71.03
85515,71.03
85529,70.86
85542,70.51
85556,70.17
85569,70.51
85582,70.51
85597,70.68
85610,71.37
85623,71.29
85637,71.12
85650,70.35
85664,70.77
85678,70.77
85691,70.17
85704,70.35
85718,71.03
85732,71.37
85745,72.23
85758,71.71
85772,72.65
85785,73.01
85799,72.23
85813,72.14
85826,72.93
85839,72.65
85853,72.83
85867,72.93
85880,73.35
85894,73.27
85907,73.06
85920,72.30
85935,72.41
85948,72.23
85961,72.57
85975,73.09
85988,72.49
86002,72.75
86016,72.31
86029,73.27
86042,72.65
86055,72.57
86070,73.09
86083,73.01
86096,72.79
86110,74.35
86123,73.01
86137,75.06
86151,90.12
86164,75.51
86177,76.50
86191,70.87
86205,68.25
86218,73.19
86232,73.09
86245,73.01
86258,72.57
86273,73.35
86286,73.64
86299,74.35
86312,74.87
86327,75.32
86340,76.44
86353,77.56
86367,77.56
86380,77.50
86394,78.20
86408,77.88
86421,77.09
86434,76.11
86448,75.06
86462,74.80
86475,74.28
86489,73.94
86502,74.47
86515,74.87
86530,75.46
86543,75.59
86556,75.92
86569,75.78
86583,77.09
86597,76.77
86610,77.30
86624,77.41
86637,77.56
86650,77.09
86665,77.24
86678,77.03
86691,77.56
86705,77.88
86718,77.30
86732,77.03
86746,77.36
86759,77.30
86772,76.83
86786,76.77
86800,76.57
86813,77.88
86827,78.47
86840,78.52
86853,78.26
86867,77.94
86881,77.30
86894,77.24
86907,75.92
86921,75.46
86935,74.80
86948,75.13
86962,75.59
86975,75.98
86988,76.24
87003,76.18
87016,76.05
87029,76.44
87043,76.05
87056,76.44
87070,75.92
87084,75.98
87097,75.98
87110,76.18
87123,76.97
87138,76.18
87151,77.94
87164,78.68
87178,78.95
87192,78.41
87205,78.41
87219,78.63
87232,78.20
87245,77.62
87260,77.56
87273,77.24
87286,76.71
87300,77.36
87313,77.36
87327,78.15
87341,78.15
87354,77.83
87367,77.62
87380,77.62
87395,77.30
87408,77.30
87421,77.62
87435,77.30
87448,77.30
87462,77.30
87476,77.36
87489,77.62
87502,77.94
87516,78.15
87530,78.15
87543,77.56
87557,77.56
87570,78.15
87583,77.88
87598,77.56
87611,77.83
87624,78.15
87638,77.88
87651,77.62
87665,77.88
87678,77.62
87692,77.77
87705,77.56
87718,77.62
87733,77.94
87746,77.36
87759,77.50
87773,77.83
87786,77.62
87800,77.24
87814,77.68
87827,77.88
87840,77.94
87854,77.62
87868,78.57
87881,78.20
87895,79.00
87908,79.26
87921,79.21
87936,79.53
87949,79.16
87962,78.95
87975,78.95
87989,79.21
88003,78.73
88016,79.00
88030,79.26
88043,78.95
88057,78.89
88071,78.68
88084,78.68
88097,78.68
88111,78.68
88125,78.68
88138,78.95
88152,78.68
88165,78.68
88178,78.68
88193,78.73
88206,78.95
88219,79.00
88232,78.68
88246,79.26
88260,78.95
88273,79.00
88287,79.00
88300,79.84
88313,79.53
88328,79.26
88341,79.48
88354,79.63
88368,79.48
88381,79.48
88395,79.53
88409,80.01
88422,79.79
88435,79.21
88449,79.26
88463,79.79
88476,79.58
88489,79.53
88503,79.53
88516,79.26
88530,79.26
88544,79.84
88557,79.48
88570,79.21
88584,79.00
88598,79.48
88611,79.53
88625,79.53
88638,79.53
88651,79.79
88666,79.79
88679,79.84
88692,79.75
88706,79.53
88719,79.53
88733,79.26
88747,79.21
88760,79.53
88773,79.79
88786,79.53
88801,79.53
88814,79.53
88827,79.53
88841,79.53
88855,79.70
88868,79.53
88882,79.21
88895,78.41
88908,79.31
88923,79.21
88936,78.95
88949,80.01
88963,79.00
88976,80.11
88990,78.63
89004,79.79
89017,80.37
89030,80.33
89043,79.79
89058,79.53
89071,80.11
89084,79.21
89098,79.00
89111,79.31
89125,79.53
89139,78.95
89152,79.21
89165,79.21
89179,79.58
89193,79.79
89206,79.79
89220,79.53
89233,79.21
89246,79.53
89261,79.26
89274,79.53
89287,79.53
89300,79.26
89314,79.26
89328,79.53
89341,79.26
89355,79.21
89368,79.21
89381,79.00
89396,79.53
89409,79.75
89422,79.48
89436,78.95
89449,79.21
89463,79.53
89477,79.26
89490,79.26
89503,79.21
89517,79.16
89531,79.53
89544,79.48
89558,79.58
89571,79.79
89584,79.53
89598,79.53
89612,79.84
89625,79.31
89638,78.95
89652,78.95
89666,78.68
89679,78.68
89693,79.00
89706,79.48
89720,79.53
89734,79.26
89747,80.06
89760,80.15
89774,79.53
89788,79.53
89801,79.21
89815,79.00
89828,79.26
89841,79.00
89856,79.53
89869,79.48
89882,79.26
89895,79.79
89909,79.79
89923,79.21
89936,79.58
89950,78.95
89963,79.21
89976,79.16
89991,78.41
90004,79.00
90017,79.00
90031,79.21
90044,79.53
90058,79.53
90072,79.48
90085,79.75
90098,79.21
90112,80.37
90126,79.48
90139,79.58
90152,79.21
90166,79.21
90179,79.16
90193,79.21
90207,79.48
90220,79.48
90233,79.53
90247,79.48
90261,79.53
90274,79.53
90288,79.53
90301,79.31
90314,79.00
90329,79.48
90342,79.26
90355,79.48
90369,79.53
90382,79.26
90396,79.48
90409,79.53
90423,79.26
90436,79.48
90449,79.21
90464,79.53
90477,79.53
90490,79.48
90504,79.58
90517,79.26
90531,78.47
90545,78.95
90558,78.68
90571,79.26
90586,78.95
90599,79.21
90612,79.48
90626,79.21
90639,79.21
90653,79.21
90667,79.21
90680,79.21
90693,79.21
90706,79.43
90721,78.78
90734,79.00
90747,79.26
90761,78.41
90774,78.95
90788,79.26
90802,79.26
90815,79.26
90828,79.48
90842,78.95
90856,79.21
90869,78.63
90883,79.00
90896,79.26
90909,79.21
90924,79.53
90937,79.26
90950,79.26
90963,78.95
90977,78.95
90991,79.21
91004,79.21
91018,79.53
91031,79.58
91044,79.53
91059,79.21
91072,78.73
91085,78.95
91099,79.00
91112,79.26
91126,79.21
91140,79.26
91153,79.53
91166,79.26
91180,79.48
91194,78.95
91207,79.21
91220,78.68
91234,78.95
91247,79.26
91261,79.21
91275,79.21
91288,79.53
91301,79.21
91315,79.21
91329,79.05
91342,79.53
91356,79.26
91369,79.26
91382,79.48
91397,79.53
91410,79.26
91423,78.95
91437,79.26
91451,79.26
91464,79.21
91478,79.00
91491,79.26
91504,79.48
91518,79.21
91532,79.26
91545,78.89
91558,79.48
91572,79.53
91586,79.26
91599,79.48
91613,79.79
91626,79.21
91639,79.21
91654,79.53
91667,79.79
91680,79.21
91694,79.21
91707,79.21
91721,78.95
91735,79.48
91748,79.11
91761,79.84
91774,79.53
91789,78.95
91802,79.21
91815,79.21
91829,79.00
91842,78.95
91856,79.21
91870,79.79
91883,79.53
91896,79.21
91910,79.48
91924,79.53
91937,79.48
91951,79.53
91964,79.26
91977,79.00
91992,79.21
92005,79.00
92018,79.00
92032,79.53
92045,79.21
92059,79.21
92072,79.26
92086,79.48
92099,78.95
92112,79.43
92127,79.05
92140,79.21
92153,78.95
92167,79.53
92180,79.53
92194,79.21
92208,79.26
92221,79.00
92234,79.21
92248,79.26
92262,79.21
92275,79.58
92289,79.53
92302,79.21
92316,79.53
92329,79.21
92343,79.26
92356,79.00
92369,79.26
92384,79.53
92397,79.26
92410,79.00
92424,78.68
92437,79.26
92451,79.21
92465,79.53
92478,79.53
92491,79.26
92505,79.79
92519,79.26
92532,78.95
92546,78.95
92559,79.00
92572,79.00
92587,79.26
92600,79.79
92613,79.48
92626,79.26
92640,79.00
92654,78.95
92667,79.79
92681,79.53
92694,79.26
92707,79.26
92722,79.00
92735,79.21
92748,79.21
92762,79.58
92775,79.53
92789,79.75
92803,78.95
92816,79.21
92829,79.21
92843,78.63
92857,79.26
92870,79.79
92883,79.21
92897,79.26
92910,79.53
92924,79.21
92938,79.21
92951,79.26
92964,79.53
92978,79.21
92992,79.48
93005,79.26
93019,79.26
93032,79.48
93045,79.53
93060,79.26
93073,78.95
93086,79.21
93100,79.21
93113,79.00
93127,79.21
93140,78.95
93154,79.21
93167,79.79
93181,79.75
93195,79.53
93208,79.53
93221,79.00
93235,79.21
93249,79.00
93262,79.00
93276,79.21
93289,79.26
93302,79.48
93317,79.31
93330,79.53
93343,79.53
93357,79.21
93370,79.00
93384,78.95
93398,79.53
93411,79.48
93424,79.21
93437,79.79
93452,79.26
93465,79.53
93478,79.26
93492,79.79
93505,79.21
93519,79.26
93533,79.53
93546,79.48
93559,79.75
93573,79.26
93587,79.26
93600,79.48
93614,79.26
93627,79.48
93640,79.21
93655,79.48
93668,79.31
93681,79.26
93694,79.21
93708,79.75
93722,79.26
93735,79.48
93749,79.53
93762,79.26
93775,79.21
93790,79.58
93803,79.21
93816,79.53
93830,79.21
93843,79.53
93857,79.26
93871,79.53
93884,79.53
93897,79.48
93911,79.26
93925,79.21
93938,79.21
93952,79.21
93965,79.58
93978,79.53
93992,79.26
94006,79.21
94019,79.53
94032,79.53
94047,79.79
94060,79.53
94073,79.26
94087,79.53
94100,79.21
94114,79.26
94128,79.21
94141,79.21
94154,79.53
94168,79.79
94182,79.53
94195,79.53
94209,79.53
94222,79.21
94235,79.53
94249,79.26
94263,79.26
94276,79.53
94289,79.26
94303,79.26
94317,79.79
94330,79.48
94344,79.53
94357,79.48
94370,79.21
94385,79.21
94398,79.26
94411,79.26
94425,79.21
94438,79.26
94452,79.53
94466,79.26
94479,79.53
94492,79.53
94505,79.26
94520,79.00
94533,79.21
94546,79.21
94560,79.53
94573,79.26
94587,79.53
94601,79.53
94614,79.79
94627,79.79
94641,79.26
94655,79.53
94668,79.48
94682,79.53
94695,79.26
94708,79.53
94723,79.53
94736,79.79
94749,79.48
94763,79.00
94776,79.00
94790,78.95
94803,79.53
94817,79.79
94830,79.53
94843,79.79
94858,79.53
94871,79.48
94884,79.00
94898,79.48
94912,79.79
94925,79.48
94939,79.48
94952,79.53
94965,79.48
94980,79.26
94993,79.26
95006,79.48
95020,79.53
95033,79.79
95047,79.53
95060,79.53
95074,79.48
95087,79.48
95100,79.21
95115,79.53
95128,79.53
95141,79.53
95155,79.21
95168,79.48
95182,79.26
95196,79.48
95209,79.48
95222,79.53
95236,79.26
95250,79.26
95263,79.26
95277,79.26
95290,79.21
95303,79.48
95318,79.53
95331,79.53
95344,79.79
95357,79.53
95371,79.31
95385,79.53
95398,79.48
95412,79.53
95425,79.53
95438,79.79
95453,79.53
95466,79.48
95479,79.26
95493,79.53
95506,79.53
95520,79.21
95534,79.53
95547,79.26
95560,79.21
95574,79.26
95588,79.48
95601,79.53
95614,79.48
95628,79.53
95641,79.84
95655,79.48
95669,79.53
95682,79.26
95695,79.00
95709,78.95
95723,79.53
95736,79.53
95750,79.79
95763,79.75
95777,79.31
95791,79.75
95804,79.26
95817,79.79
95831,79.48
95845,79.53
95858,78.95
95872,79.26
95885,79.21
95898,79.48
95912,79.75
95926,79.79
95939,80.06
95952,79.70
95966,79.53
95980,78.95
95993,79.48
96007,79.21
96020,79.26
96033,79.48
96048,79.31
96061,79.58
96074,79.21
96088,79.21
96101,79.26
96115,79.26
96129,79.48
96142,79.75
96155,79.53
96168,79.84
96183,79.79
96196,79.84
96209,79.21
96223,79.48
96236,79.21
96250,79.48
96264,79.48
96277,79.53
96290,79.48
96304,79.58
96318,79.79
96331,79.21
96345,79.16
96358,79.31
96371,79.79
96386,79.53
96399,79.79
96412,80.64
96425,80.60
96439,80.06
96453,80.91
96466,80.60
96480,80.01
96493,80.33
96506,80.86
96521,81.17
96534,81.09
96547,81.44
96561,82.55
96574,82.85
96588,83.29
96602,81.82
96615,81.66
96628,83.69
96642,83.48
96656,82.28
96669,79.82
96683,82.48
96696,82.59
96710,82.52
96723,82.25
96737,82.52
96750,82.62
96763,81.67
96778,82.55
96791,83.06
96804,83.29
96818,83.63
96831,83.36
96845,82.82
96859,82.48
96872,82.85
96885,83.09
96899,83.87
96913,84.71
96926,85.25
96940,86.60
96953,87.45
96966,86.37
96980,85.27
96994,85.81
97007,85.81
97020,85.54
97034,84.44
97048,82.75
97061,83.36
97075,83.87
97088,84.41
97101,84.17
97116,83.57
97129,84.17
97142,86.06
97156,86.65
97169,87.42
97183,86.59
97197,85.83
97210,86.92
97223,86.37
97236,85.54
97251,85.25
97264,85.27
97277,84.98
97291,84.98
97304,84.71
97318,84.68
97332,85.52
97345,85.22
97358,85.25
97372,85.79
97386,86.06
97399,86.08
97413,85.79
97426,86.04
97439,85.25
97454,85.77
97467,85.81
97480,85.79
97494,85.79
97507,84.95
97521,85.27
97534,85.54
97548,86.08
97561,85.81
97575,85.81
97589,86.08
97602,85.81
97615,86.08
97629,86.60
97643,86.35
97656,86.89
97670,86.87
97683,87.42
97696,86.90
97711,86.89
97724,86.63
97737,86.87
97751,86.37
97764,85.25
97778,85.22
97792,85.81
97805,86.06
97818,85.79
97831,85.81
97846,85.54
97859,86.08
97872,86.33
97886,86.60
97899,86.62
97913,86.86
97927,86.60
97940,87.12
97953,87.41
97967,86.91
97981,85.47
97994,85.54
98008,85.27
98021,86.37
98034,88.27
98049,87.15
98062,87.39
98075,87.41
98088,87.66
98102,87.16
98116,87.41
98129,87.69
98143,87.70
98156,87.45
98169,87.16
98184,87.42
98197,86.87
98210,86.08
98224,86.35
98237,87.44
98251,88.24
98265,87.97
98278,87.43
98291,87.69
98305,87.70
98319,87.98
98332,87.97
98345,87.96
98359,87.97
98373,87.97
98386,87.96
98400,87.97
98413,88.51
98426,87.96
98441,88.24
98454,88.51
98467,88.24
98481,88.24
98494,88.51
98508,88.23
98522,88.78
98535,88.51
98548,88.24
98562,88.51
98576,88.51
98589,88.23
98603,88.78
98616,88.78
98629,88.51
98643,88.24
98657,88.78
98670,88.50
98683,88.78
98697,88.78
98711,88.51
98724,88.51
98738,88.51
98751,88.51
98764,88.51
98779,88.51
98792,88.78
98805,88.51
98819,88.51
98832,88.51
98846,88.51
98860,88.78
98873,88.79
98886,88.51
98899,88.78
98914,88.78
98927,88.78
98940,88.24
98954,88.23
98967,88.51
98981,88.23
98995,88.51
99008,88.23
99021,88.23
99035,88.23
99049,88.50
99062,87.95
99076,87.99
99089,87.69
99102,87.97
99117,88.24
99130,87.69
99143,87.70
99156,87.70
99170,87.69
99184,87.43
99197,87.42
99211,87.70
99224,87.42
99237,87.69
99252,87.70
99265,87.70
99278,87.42
99292,87.69
99306,87.97
99319,88.23
99333,87.96
99346,87.97
99359,87.70
99374,87.96
99387,87.96
99400,87.97
99414,87.96
99427,87.96
99441,87.96
99454,87.42
99468,87.42
99481,87.16
99494,87.69
99509,87.70
99522,87.69
99535,87.96
99549,87.96
99562,87.69
99576,87.96
99590,87.69
99603,87.69
99616,87.68
99630,87.42
99644,87.97
99657,87.42
99671,87.70
99684,87.96
99697,87.97
99712,87.69
99725,87.42
99738,87.70
99751,87.96
99765,87.70
99779,87.70
99792,87.69
99806,87.97
99819,87.69
99832,87.97
99847,87.69
99860,87.42
99873,87.42
99887,87.69
99900,87.97
99914,87.69
99928,87.42
99941,87.42
99954,87.42
99968,87.42
99982,87.69
99995,87.97
100008,87.69
100023,87.96
100038,87.70
100052,87.69
100067,87.97
100081,87.97
100096,87.69
100111,87.69
100125,87.69
100140,87.70
100154,87.68
100168,87.97
100184,87.70
100198,87.69
100212,87.96
100227,87.69
100242,87.96
100256,87.70
100271,87.69
100285,87.43
100299,87.70
100315,87.69
100329,87.69
100343,87.69
100358,87.96
100373,87.97
100387,87.69
100402,87.69
100416,87.43
100430,87.69
100446,87.70
100460,87.42
100474,87.42
100489,87.69
100504,87.69
100518,87.70
100533,87.70
100547,87.96
100561,87.96
100577,87.69
100591,87.43
100605,87.42
100620,87.69
100634,87.70
100649,87.96
100664,87.96
100678,87.70
100692,87.42
100708,87.16
100722,87.97
100737,87.69
100751,87.42
100765,87.70
100781,87.43
100795,87.42
100809,87.97
100824,87.69
100839,87.69
100853,87.43
100868,87.43
100882,87.96
100896,87.70
100912,87.43
100926,87.69
100940,87.69
100955,87.43
100970,87.97
100984,87.69
100999,87.69
101013,87.70
101027,87.70
101043,87.97
101057,87.43
101071,87.42
101086,87.42
101100,87.16
101115,87.42
101130,87.69
101144,87.42
101158,87.42
101174,87.16
101188,87.70
101202,87.43
101217,87.69
101231,87.69
101246,87.97
101261,87.70
101275,87.69
101289,87.69
101305,87.70
101319,87.69
101334,87.70
101348,87.70
101362,87.42
101378,87.43
101392,87.69
101406,87.70
101421,87.42
101436,87.69
101450,87.15
101465,87.42
101479,87.42
101493,87.42
101509,87.70
101523,87.43
101537,87.70
101552,87.43
101566,87.42
101581,87.43
101596,87.42
101610,87.42
101624,87.70
101640,87.70
101654,87.42
101668,87.42
101683,87.70
101697,87.42
101712,87.42
101727,87.69
101741,87.69
101755,87.42
101771,87.69
101785,87.69
101799,87.97
101814,87.69
101828,87.43
101843,87.69
101858,87.69
101872,87.70
101886,87.69
101902,87.43
101916,87.16
101931,87.15
101945,87.42
101959,87.43
101975,87.16
101989,87.15
102003,87.43
102018,87.42
102032,87.15
102047,87.69
102062,87.69
102076,87.69
102090,87.69
102106,87.70
102120,87.70
102134,87.43
102149,87.42
102163,87.97
102178,87.70
102193,87.70
102207,87.96
102221,87.97
102237,87.96
102251,88.24
102265,87.69
102280,87.97
102294,87.96
102309,87.96
102324,87.96
102338,88.23
102352,87.96
102368,87.70
102382,87.70
102396,87.96
102411,87.69
102425,87.70
102440,87.70
102455,87.70
102469,87.96
102483,87.43
102498,87.69
102513,87.70
102528,87.43
102542,87.69
102556,87.97
102572,87.96
102586,87.69
102600,87.69
102615,87.69
102629,87.70
102644,87.97
102659,87.97
102673,87.69
102687,87.70
102703,87.43
102717,87.96
102731,87.97
102746,87.97
102760,87.96
102775,87.69
102790,88.23
102804,87.70
102818,88.23
102834,87.96
102848,87.69
102862,87.96
102877,87.70
102891,87.97
102906,87.69
102921,87.70
102935,88.51
102949,87.69
102964,87.97
102979,87.70
102993,87.97
103008,87.96
103022,87.69
103037,87.42
103052,87.97
103066,87.97
103080,87.96
103095,87.97
103110,87.97
103124,87.70
103139,87.70
103153,87.69
103169,87.96
103183,87.96
103197,87.97
103212,87.97
103226,87.96
103241,87.69
103256,87.70
103270,87.70
103284,87.97
103300,87.70
103314,87.96
103328,87.96
103343,87.96
103357,87.96
103372,87.96
103387,87.69
103401,88.23
103415,87.96
103430,87.96
103445,87.69
103459,87.69
103474,87.69
103488,87.70
103503,88.23
103518,87.96
103532,87.70
103546,87.96
103561,87.96
103576,87.96
103590,87.97
103605,87.96
103619,87.96
103634,87.96
103649,88.23
103663,87.97
103677,87.70
103692,88.24
103707,87.97
103721,87.97
103736,87.96
103750,87.96
103766,87.96
103780,87.96
103794,87.97
103809,87.69
103823,88.24
103838,87.96
103853,88.23
103867,87.97
103881,87.96
103896,87.96
103911,87.96
103925,87.96
103940,87.97
103954,87.96
103969,87.69
103984,87.96
103998,88.24
104012,87.69
104027,87.69
104042,87.42
104056,87.69
104071,87.96
104085,87.96
104100,87.96
104115,87.96
104129,87.96
104143,87.96
104158,88.51
104173,88.24
104187,87.96
104202,87.96
104216,87.69
104231,87.96
104246,87.97
104260,87.97
104274,87.97
104289,88.23
104304,88.23
104318,88.23
104333,88.23
104347,87.96
104361,88.24
104377,87.97
104391,87.97
104406,87.70
104420,87.96
104435,87.96
104450,87.68
104464,87.97
104478,87.70
104493,87.96
104508,87.97
104522,87.69
104537,87.96
104551,87.70
104566,87.70
104581,87.69
104595,87.96
104609,87.96
104624,87.70
104639,87.69
104653,87.96
104668,87.69
104682,87.97
104697,87.97
104712,88.24
104726,87.96
104740,87.96
104755,87.42
104770,87.97
104784,87.42
104799,87.70
104813,87.42
104827,87.69
104843,87.42
104857,87.43
104871,87.70
104886,87.69
104901,87.70
104915,87.42
104930,87.69
104944,87.70
104958,87.69
104974,87.96
104988,87.69
105003,87.70
105017,87.97
105032,87.96
105047,87.70
105061,87.70
105075,87.42
105090,87.69
105105,87.70
105119,87.69
105134,87.96
105148,87.97
105163,87.70
105178,87.69
105192,87.70
105206,87.96
105221,87.69
105236,87.70
105250,87.96
105265,87.96
105279,87.97
105293,87.96
105309,87.96
105323,87.97
105337,87.70
105352,87.70
105367,87.70
105381,87.69
105396,87.97
105410,87.97
105424,88.24
105440,87.97
105454,87.97
105468,87.69
105483,87.97
105498,87.96
105512,87.97
105527,87.70
105541,87.70
105555,87.96
105571,87.69
105585,87.96
105600,87.97
105614,87.69
105629,87.95
105644,87.69
105658,87.96
105672,87.97
105687,87.96
105702,87.96
105716,87.69
105731,87.97
105745,87.69
105759,88.24
105775,87.96
105789,88.23
105803,87.70
105818,87.97
105833,88.24
105847,88.23
105862,88.23
105876,87.96
105890,87.96
105906,87.70
105920,87.69
105934,87.96
105949,87.96
105964,87.70
105978,87.96
105993,87.70
106007,87.97
106021,87.96
106037,88.23
106051,87.97
106065,87.97
106080,87.96
106095,87.96
106109,87.69
106124,87.96
106138,88.24
106152,87.95
106168,87.70
106182,88.24
106196,87.70
106211,87.96
106225,88.24
106241,87.97
106255,87.97
106269,87.70
106284,88.24
106299,87.69
106313,87.97
106328,87.97
106342,87.69
106356,87.69
106372,87.69
106386,87.96
106400,87.96
106415,87.96
106430,87.97
106444,87.69
106459,87.96
106473,88.24
106487,87.97
106503,87.69
106517,87.96
106531,87.95
106546,87.96
106561,88.24
106575,87.69
106590,87.69
106604,87.69
106618,87.96
106634,87.69
106648,87.69
106662,87.69
106677,87.97
106691,87.70
106706,87.69
106721,87.96
106735,87.96
106749,87.69
106765,87.96
106779,87.70
106793,88.24
106808,87.96
106822,87.69
106838,87.96
106852,88.25
106866,88.24
106881,87.96
106896,87.97
106910,87.69
106925,87.96
106939,87.70
106953,87.97
106969,87.69
106983,87.96
106997,87.69
107012,87.96
107027,87.69
107041,87.96
107056,87.69
107070,87.97
107084,87.97
107100,87.97
107114,87.97
107128,87.69
107143,87.70
107157,87.97
107172,87.96
107187,87.97
107201,87.97
107215,87.96
107231,87.69
107245,87.96
107259,87.69
107274,87.96
107288,88.24
107303,87.69
107318,88.24
107332,87.68
107346,88.78
107362,87.70
107376,88.24
107390,87.69
107405,85.47
107419,86.08
107435,86.37
107449,86.96
107463,86.90
107478,87.70
107493,88.84
107507,90.14
107522,83.98
107536,85.52
107550,86.57
107566,82.41
107580,80.46
107594,81.06
107609,82.02
107623,82.82
107638,82.95
107653,77.59
107667,80.24
107681,77.15
107697,76.45
107711,76.18
107725,74.52
107740,71.97
107754,70.17
107769,67.84
107784,65.28
107798,66.15
107812,66.49
107828,67.20
107842,66.10
107856,63.97
107871,61.76
107885,59.09
107900,57.38
107915,53.77
107929,51.83
107943,48.49
107959,47.34
107973,47.70
107987,48.51
108002,48.12
108016,45.93
108032,43.75
108046,42.32
108060,39.58
108075,40.44
108089,39.83
108104,38.71
108119,36.60
108133,35.01
108147,35.31
108163,33.28
108177,31.37
108191,28.30
108206,26.93
108220,26.55
108235,25.39
108250,25.01
108264,25.53
108278,24.65
108294,23.72
108308,22.22
108322,21.85
108337,21.37
108351,21.91
108366,23.45
108381,22.77
108395,22.81
108409,6.00
108423,20.39
108438,20.15
108452,20.29
108467,20.45
108481,20.50
108496,27.90
108511,22.04
108525,17.93
108539,14.59
108554,15.46
108569,16.00
108583,15.29
108598,14.60
108612,15.42
108627,19.09
108642,19.90
108656,17.01
108670,16.31
108685,14.40
108700,15.77
108715,15.43
108729,14.26
108743,15.89
108759,17.96
108773,18.27
108787,11.45
108802,11.80
108816,13.85
108831,10.70
108846,12.52
108860,12.46
108874,-158.37
108892,-13.16
108907,-3.26
108921,-5.07
108936,22.28
108950,1.98
108964,-31.68
108980,32.71
108994,-2.38
109008,5.94
109022,0.83
109036,0.07
109049,-1.00
109064,0.37
109077,2.70
109091,4.99
109105,2.96
109118,4.85
109131,-0.57
109146,-8.98
109161,-16.00
109176,-11.56
109192,-3.36
109206,0.65
109219,3.00
109234,1.01
109247,9.96
109260,83.03
109275,12.87
109290,-108.08
109306,4.39
109320,1.11
109333,-4.60
109347,-9.43
109363,-12.00
109378,-1.33
109392,-2.12
109407,-1.61
109421,-1.91
109436,-1.93
109451,-2.21
109465,-2.22
109479,-2.20
109495,-1.90
109509,-1.90
109523,-1.89
109538,-1.88
109552,-1.89
109568,-1.90
109582,-1.92
109596,-1.92
109611,-1.91
109626,-1.92
109640,-1.92
109655,-1.91
109669,-1.90
109683,-1.90
109699,-1.90
109713,-2.20
109727,-1.91
109742,-1.90
109757,-1.92
109771,-1.91
109786,-1.92
109800,-1.92
109814,-0.52
109830,-1.61
109844,-1.91
109858,-2.19
109873,-1.90
109887,-1.63
109902,-1.90
109917,-1.91
109931,-2.19
109945,-2.19
109961,-1.92
109975,-1.90
109989,-1.63
110004,-2.19
110018,-1.91
110033,-1.91
110048,-1.62
110062,-1.91
110076,-1.91
110092,-2.19
110106,-1.90
110120,-1.91
110135,-1.91
110149,-1.91
110164,-1.90
110179,-2.19
110193,-1.91
110208,-1.91
110223,-1.91
110237,-1.91
110252,-1.91
110266,-2.19
110280,-1.91
110296,-1.90
110310,-1.91
110324,-1.91
110339,-1.91
110353,-2.20
110368,-1.92
110383,-1.90
110397,-1.91
110411,-1.91
110427,-1.91
110441,-1.63
110455,-1.91
110470,-1.90
110484,-2.19
110499,-1.90
110514,-2.19
110528,-1.91
110542,-1.91
110558,-1.91
110572,-1.63
110586,-1.92
110601,-1.91
110615,-1.90
110630,-2.19
110645,-1.90
110659,-1.91
110673,-1.91
110689,-1.91
110703,-1.91
110717,-1.63
110732,-1.91
110746,-1.92
110761,-1.91
110776,-1.91
110790,-1.90
110804,-1.92
110819,-1.91
110834,-1.91
110849,-1.90
110863,-1.92
110877,-1.91
110893,-1.92
110907,-1.91
110921,-1.91
110936,-1.91
110950,-1.91
110965,-1.91
110980,-2.19
110994,-1.91
111008,-1.92
111024,-1.92
111038,-1.91
111052,-1.91
111067,-1.91
111081,-1.90
111096,-1.91
111111,-1.91
111125,-2.18
111139,-1.91
111155,-1.91
111169,-1.91
111183,-1.92
111198,-2.19
111212,-1.91
111227,-1.63
111242,-1.91
111256,-1.91
111270,-1.90
111285,-1.91
111300,-1.91
111314,-1.91
111329,-1.92
111343,-1.92
111358,-1.63