time_ms,tempature
0,17.94
10,17.94
20,17.94
31,17.94
41,17.94
52,18.43
63,18.43
73,17.94
83,17.94
94,17.94
105,17.94
115,17.94
125,17.94
137,18.43
147,17.94
158,17.94
168,17.94
179,17.94
190,17.94
200,17.94
210,17.94
222,17.94
232,18.43
242,17.94
253,17.94
264,17.94
274,17.94
285,17.94
295,17.94
306,17.94
317,17.94
327,17.94
338,17.94
349,17.94
359,17.94
370,17.94
380,17.94
391,17.94
402,17.94
412,17.94
422,17.94
434,18.43
444,17.94
454,17.94
465,17.94
476,17.94
486,18.43
497,17.94
507,17.94
519,17.94
529,17.94
539,18.43
550,17.94
561,18.43
571,17.94
582,17.94
592,17.94
603,17.94
614,18.43
624,17.94
634,17.94
646,17.94
656,17.94
666,17.94
677,18.43
688,18.43
699,17.94
709,17.94
719,17.94
731,17.94
741,17.94
751,17.94
762,17.94
773,17.94
783,18.43
794,17.94
804,17.94
815,17.94
826,17.94
837,17.94
848,18.43
860,17.94
871,17.94
882,17.94
893,17.94
906,17.94
917,17.94
928,17.94
940,18.43
951,18.43
963,17.94
974,17.94
986,17.94
997,17.94
1008,17.94
1020,17.94
1034,17.94
1046,17.94
1058,17.45
1071,17.94
1083,17.94
1096,17.94
1108,17.94
1121,17.94
1133,17.94
1145,17.94
1158,17.94
1171,17.94
1183,17.94
1196,17.94
1208,17.94
1220,17.94
1233,17.94
1246,17.94
1258,17.94
1270,17.94
1283,17.94
1296,17.94
1308,17.94
1320,17.94
1333,17.94
1345,17.94
1357,17.94
1371,17.94
1383,17.94
1395,17.94
1408,17.94
1420,17.94
1433,17.94
1445,17.94
1458,17.94
1470,17.94
1482,17.94
1496,17.94
1508,17.94
1520,17.94
1532,17.94
1545,17.94
1557,18.43
1570,18.43
1583,18.43
1595,18.43
1607,18.43
1619,17.94
1633,17.94
1645,17.94
1657,18.43
1670,18.43
1682,17.94
1695,18.43
1708,18.43
1720,18.43
1732,18.43
1744,18.43
1757,18.43
1770,17.94
1782,17.94
1795,18.43
1807,18.43
1819,17.94
1832,18.43
1845,17.94
1857,18.43
1869,18.43
1882,17.94
1895,18.43
1907,17.94
1920,18.43
1932,17.94
1944,17.94
1956,17.94
1970,18.43
1982,18.43
1994,17.94
2007,18.43
2019,18.43
2032,18.43
2044,17.94
2057,18.43
2069,18.43
2081,17.94
2095,17.94
2107,18.43
2119,18.43
2131,17.94
2144,18.43
2156,18.43
2169,18.43
2182,17.94
2194,18.43
2206,17.94
2219,18.43
2232,17.94
2244,18.43
2256,17.94
2269,18.43
2281,18.43
2294,17.94
2307,18.43
2319,17.94
2331,18.43
2343,17.94
2356,18.43
2369,17.94
2381,18.43
2394,18.43
2406,17.94
2418,18.43
2432,17.94
2444,18.43
2456,17.94
2468,18.43
2481,18.43
2494,17.94
2506,18.43
2519,17.94
2531,18.43
2543,18.43
2555,18.43
2569,18.43
2581,18.43
2593,17.94
2606,18.43
2618,17.94
2631,18.43
2643,18.43
2656,18.43
2668,18.43
2680,18.43
2694,18.43
2706,18.43
2718,18.43
2731,18.43
2743,18.43
2755,17.94
2768,18.43
2781,17.94
2793,18.43
2805,18.43
2818,18.43
2831,18.43
2843,17.94
2855,18.43
2868,17.94
2880,18.43
2893,18.43
2906,17.94
2918,18.43
2930,18.43
2942,18.43
2955,18.43
2968,18.43
2980,17.94
2993,17.94
3005,18.43
3017,18.43
3031,17.94
3043,18.43
3055,18.43
3067,18.43
3080,17.94
3093,17.94
3105,18.43
3118,17.94
3130,18.43
3142,17.94
3154,18.43
3168,18.43
3180,17.94
3192,17.94
3205,18.43
3217,18.43
3230,18.43
3243,18.43
3255,17.94
3267,18.43
3279,17.94
3293,18.43
3305,17.94
3317,17.94
3330,18.43
3342,17.94
3354,17.94
3367,17.94
3380,17.94
3392,18.43
3404,18.43
3417,18.43
3430,17.94
3442,17.94
3454,18.43
3467,18.43
3479,18.43
3492,17.94
3505,18.43
3517,18.43
3529,17.94
3542,17.94
3554,17.94
3567,18.43
3579,17.94
3592,18.43
3604,17.94
3616,18.43
3630,18.43
3642,17.94
3654,18.43
3666,18.43
3679,18.43
3692,17.94
3704,18.43
3717,17.94
3729,18.43
3741,18.43
3753,17.94
3767,18.43
3779,17.94
3791,18.43
3804,17.94
3816,18.43
3829,18.43
3842,17.94
3854,18.43
3866,17.94
3878,18.43
3892,18.43
3904,18.43
3916,17.94
3929,18.43
3941,18.43
3953,18.43
3966,18.43
3979,18.43
3991,18.43
4003,18.43
4016,17.94
4029,18.43
4041,18.43
4054,18.43
4066,18.43
4078,18.43
4091,18.43
4104,18.43
4116,18.43
4128,18.43
4141,18.43
4153,18.43
4166,18.43
4178,18.43
4191,18.43
4203,18.43
4215,18.43
4229,18.43
4241,18.43
4253,18.43
4265,18.43
4278,18.43
4291,18.43
4303,17.94
4316,18.43
4328,18.43
4340,18.43
4353,18.43
4366,17.94
4378,18.43
4390,18.43
4403,18.43
4415,18.43
4428,18.43
4441,18.43
4453,18.43
4465,18.43
4477,18.43
4491,18.43
4503,18.43
4515,18.43
4528,18.43
4540,17.94
4552,18.43
4566,18.43
4578,18.43
4590,18.43
4602,18.43
4615,18.43
4628,18.43
4640,18.43
4653,18.43
4665,18.43
4677,18.43
4690,18.43
4703,18.43
4715,17.94
4727,18.43
4740,17.94
4752,18.43
4765,18.43
4777,18.43
4790,17.94
4802,18.43
4814,18.43
4828,17.94
4840,18.43
4852,18.43
4865,18.43
4877,18.43
4890,18.43
4902,18.43
4915,18.43
4927,18.43
4939,18.43
4952,18.43
4965,18.43
4977,18.43
4989,18.43
5002,18.43
5014,18.43
5027,18.43
5040,18.43
5052,18.43
5064,18.43
5076,18.43
5090,18.43
5102,18.43
5114,18.43
5127,18.43
5139,18.43
5151,18.43
5165,18.43
5177,18.43
5189,18.43
5201,18.43
5214,18.43
5227,18.43
5239,18.43
5252,18.43
5264,17.94
5276,18.43
5289,18.43
5302,18.43
5314,18.43
5326,18.43
5339,18.43
5351,18.43
5364,18.43
5377,18.43
5389,18.43
5401,18.43
5413,18.43
5427,18.43
5439,18.43
5451,18.43
5464,18.43
5476,18.43
5489,18.43
5501,18.43
5514,18.43
5526,18.43
5538,18.43
5551,18.43
5564,18.43
5576,18.43
5588,18.43
5601,18.43
5613,18.43
5626,18.43
5639,18.43
5651,18.43
5663,18.43
5676,17.94
5689,18.43
5701,18.43
5713,18.91
5726,18.43
5738,18.43
5750,18.43
5764,18.43
5776,18.43
5788,18.43
5800,17.94
5813,18.43
5826,17.94
5838,18.43
5851,18.43
5863,18.43
5875,17.94
5889,18.43
5901,18.43
5913,18.43
5925,18.43
5938,18.43
5950,18.43
5963,18.43
5976,18.43
5988,18.43
6000,18.43
6012,18.43
6026,18.43
6038,18.43
6050,18.43
6063,18.43
6075,18.43
6088,17.94
6100,18.43
6113,18.43
6125,18.43
6137,18.43
6150,18.43
6163,18.43
6175,17.94
6188,17.94
6200,18.43
6212,17.94
6225,18.43
6238,17.94
6250,18.43
6262,17.94
6275,18.43
6288,17.94
6300,18.43
6312,18.43
6325,17.94
6337,18.43
6349,18.43
6363,18.43
6375,18.43
6387,17.94
6400,18.43
6412,18.43
6425,17.94
6437,17.94
6450,18.43
6462,18.43
6474,18.43
6488,18.43
6500,18.43
6512,18.43
6524,18.43
6537,18.43
6549,18.43
6562,18.43
6575,18.43
6587,18.43
6599,18.43
6611,18.43
6625,18.43
6637,17.94
6649,18.43
6662,18.43
6674,17.94
6687,18.43
6700,17.94
6712,18.43
6724,18.43
6736,17.94
6749,18.43
6762,17.94
6774,18.43
6787,17.94
6799,18.43
6811,18.43
6824,17.94
6837,17.94
6849,18.43
6861,18.43
6874,17.94
6887,18.43
6899,18.43
6912,18.43
6924,18.43
6936,17.94
6948,18.43
6962,18.43
6974,18.43
6986,18.43
6999,18.43
7011,18.43
7024,18.43
7036,17.94
7049,18.43
7061,17.94
7073,18.43
7087,18.43
7099,18.43
7111,17.94
7123,18.43
7136,18.43
7148,17.94
7161,18.43
7174,18.43
7186,17.94
7198,17.94
7211,18.43
7224,17.94
7236,17.94
7248,18.43
7261,17.94
7273,18.43
7286,17.94
7299,17.94
7311,17.94
7323,18.43
7335,18.43
7348,18.43
7361,18.43
7373,18.43
7386,18.43
7398,18.43
7410,18.43
7424,18.43
7436,18.43
7448,18.43
7460,18.43
7473,17.94
7486,18.43
7498,18.43
7511,18.43
7523,17.94
7535,18.43
7547,18.43
7561,18.43
7573,18.43
7585,18.43
7598,18.43
7610,18.43
7623,18.43
7635,18.43
7648,17.94
7660,18.43
7672,18.43
7686,18.43
7698,17.94
7710,18.43
7723,17.94
7735,18.43
7747,18.43
7760,17.94
7773,18.43
7785,17.94
7797,18.43
7810,18.43
7823,18.43
7835,18.43
7847,18.43
7860,18.43
7872,17.94
7885,17.94
7898,18.43
7910,17.94
7922,18.43
7934,18.43
7947,18.43
7960,18.43
7972,17.94
7985,18.43
7997,18.43
8009,18.43
8023,18.43
8035,18.43
8047,18.43
8059,18.43
8072,18.43
8085,17.94
8097,18.43
8110,18.43
8122,18.43
8134,17.94
8146,18.43
8160,18.43
8172,18.43
8184,18.43
8197,17.94
8209,18.43
8222,17.94
8235,18.43
8247,18.43
8259,18.43
8271,18.43
8285,17.94
8297,18.43
8309,18.43
8322,18.43
8334,18.43
8346,18.43
8359,18.43
8372,17.94
8384,18.43
8396,18.43
8409,18.43
8422,18.43
8434,18.43
8446,18.43
8459,18.43
8471,17.94
8484,18.43
8497,17.94
8509,17.94
8521,18.43
8534,18.43
8546,18.43
8559,18.43
8571,18.43
8584,17.94
8596,18.43
8608,18.43
8622,18.43
8634,17.94
8646,18.43
8658,17.94
8671,17.94
8684,18.43
8696,18.43
8709,18.43
8721,18.43
8733,18.43
8745,18.43
8759,18.43
8771,18.43
8783,17.94
8796,18.43
8808,18.43
8821,18.43
8834,17.94
8846,18.43
8858,18.43
8870,18.43
8884,17.94
8896,18.43
8908,18.43
8921,18.43
8933,17.94
8945,18.43
8958,18.43
8971,18.43
8983,18.43
8995,18.43
9008,18.91
9021,18.43
9033,18.43
9046,17.94
9058,18.43
9070,17.94
9083,18.43
9096,18.43
9108,17.94
9120,18.43
9133,18.43
9145,17.94
9158,17.94
9170,18.43
9183,17.94
9195,18.43
9207,18.43
9221,17.94
9233,18.43
9245,17.94
9257,18.43
9270,18.43
9283,18.43
9295,18.43
9308,18.43
9320,18.43
9332,18.43
9345,18.43
9358,18.43
9370,18.43
9382,18.43
9395,18.43
9407,18.43
9420,18.43
9433,18.43
9445,18.43
9457,17.94
9469,18.43
9483,18.43
9495,18.43
9507,18.43
9520,18.43
9532,18.43
9544,18.43
9558,18.43
9570,17.94
9582,18.43
9594,18.43
9607,18.43
9620,18.43
9632,18.43
9645,17.94
9657,17.94
9669,18.43
9682,17.94
9695,18.43
9707,18.43
9719,17.94
9732,18.43
9744,18.43
9757,18.43
9769,18.43
9782,18.43
9794,18.43
9806,18.43
9820,18.43
9832,18.43
9844,18.43
9857,18.43
9869,18.43
9882,18.43
9894,18.43
9907,18.43
9919,18.43
9931,18.43
9944,18.43
9957,18.43
9969,18.43
9981,18.43
9994,18.43
10006,18.43
10020,17.94
10034,18.43
10047,18.43
10060,18.43
10074,18.43
10088,18.43
10101,18.43
10115,18.43
10128,18.43
10141,18.43
10156,17.94
10169,18.43
10182,18.43
10195,18.43
10209,18.43
10223,18.43
10236,18.43
10250,18.43
10263,18.43
10276,17.94
10291,18.43
10304,18.43
10317,18.43
10331,17.94
10344,18.43
10358,18.43
10372,18.43
10385,17.94
10398,18.43
10412,17.94
10426,18.43
10439,17.94
10452,18.43
10466,17.94
10480,17.94
10493,18.43
10507,18.43
10520,18.43
10533,18.43
10548,18.43
10561,18.43
10574,18.43
10588,17.94
10601,18.43
10615,18.43
10629,18.43
10642,18.43
10655,18.43
10669,18.43
10683,18.43
10696,17.94
10710,18.43
10723,17.94
10736,18.43
10750,18.43
10764,18.43
10777,18.43
10790,17.94
10804,18.43
10818,18.43
10831,18.43
10845,18.43
10858,18.43
10871,18.43
10886,18.43
10899,18.43
10912,18.43
10926,18.43
10939,18.43
10953,17.94
10967,18.43
10980,18.43
10993,18.43
11006,18.43
11021,18.43
11034,18.43
11047,18.43
11061,18.43
11074,18.43
11088,18.43
11102,17.94
11115,18.43
11128,18.43
11142,18.43
11156,18.43
11169,18.43
11183,18.43
11196,18.43
11209,18.43
11224,17.94
11237,18.43
11250,18.43
11264,17.94
11277,18.43
11291,18.43
11304,18.43
11318,18.43
11331,18.43
11345,18.43
11359,17.94
11372,18.43
11385,18.43
11399,18.43
11413,18.43
11426,18.43
11440,18.43
11453,18.91
11466,18.43
11481,18.43
11494,18.43
11507,18.43
11521,18.43
11534,18.43
11548,18.43
11561,18.43
11575,17.94
11588,17.94
11601,17.94
11616,17.94
11629,18.43
11642,17.94
11656,18.43
11669,18.43
11683,18.43
11697,18.43
11710,18.43
11723,18.43
11737,18.43
11751,18.43
11764,18.43
11778,18.43
11791,17.94
11804,18.43
11819,18.43
11832,17.94
11845,18.43
11858,17.94
11872,18.43
11886,18.43
11899,17.94
11913,18.43
11926,17.94
11939,18.43
11954,18.43
11967,18.43
11980,18.43
11994,18.43
12007,18.43
12021,18.43
12035,18.43
12048,17.94
12061,18.43
12075,18.43
12089,17.94
12102,18.43
12115,18.43
12129,18.43
12142,18.43
12156,18.43
12170,18.43
12183,18.43
12196,18.43
12211,18.43
12224,18.43
12237,18.43
12251,18.43
12264,17.94
12278,18.43
12292,18.43
12305,17.94
12318,18.43
12332,18.43
12346,17.94
12359,18.43
12372,18.43
12386,18.43
12399,18.43
12413,18.43
12427,18.43
12440,18.43
12453,18.43
12467,17.94
12481,18.43
12494,18.43
12508,18.43
12521,17.94
12534,18.43
12549,18.43
12562,17.94
12575,18.43
12589,17.94
12602,18.43
12616,18.43
12630,18.43
12643,18.43
12656,18.43
12669,18.43
12684,18.43
12697,18.43
12710,18.43
12724,18.43
12737,17.94
12751,18.43
12765,18.43
12778,18.43
12791,18.43
12805,17.94
12819,17.94
12832,18.43
12846,18.43
12859,18.43
12872,18.43
12887,17.94
12900,18.43
12913,18.43
12926,18.43
12940,17.94
12954,17.94
12967,18.43
12981,18.43
12994,17.94
13007,18.43
13022,18.43
13035,17.94
13048,18.43
13062,17.94
13076,18.43
13089,18.43
13103,17.94
13116,18.43
13129,18.43
13144,18.43
13157,18.43
13170,18.43
13184,18.43
13197,18.43
13211,18.43
13224,18.43
13238,18.43
13251,18.43
13264,17.94
13279,18.43
13292,17.94
13305,18.43
13319,18.43
13332,18.43
13346,18.43
13360,17.94
13373,18.43
13386,17.94
13400,18.43
13414,18.43
13427,18.43
13441,18.43
13454,18.43
13467,18.43
13481,18.43
13495,18.43
13508,17.94
13521,18.43
13535,18.43
13549,17.94
13562,18.43
13576,17.94
13589,18.43
13602,17.94
13617,18.43
13630,18.43
13643,18.43
13657,18.43
13670,18.43
13684,18.43
13698,18.43
13711,18.43
13724,18.43
13737,18.43
13752,18.43
13765,18.43
13778,18.43
13792,17.94
13805,17.94
13819,18.43
13833,17.94
13846,17.94
13859,18.43
13873,18.43
13887,18.43
13900,18.43
13914,18.43
13927,18.43
13941,18.43
13955,18.43
13968,18.43
13981,18.43
13995,18.43
14009,17.94
14022,17.94
14035,18.43
14049,18.43
14062,18.43
14076,18.43
14090,17.94
14103,18.43
14116,17.94
14130,18.43
14144,17.94
14157,17.94
14171,18.43
14184,17.94
14197,18.43
14212,17.94
14225,18.43
14238,17.94
14252,17.94
14265,17.94
14279,18.43
14292,18.43
14306,17.94
14319,18.43
14332,17.94
14347,18.43
14360,18.43
14373,18.43
14387,18.43
14400,17.94
14414,18.43
14428,18.43
14441,18.43
14454,17.94
14468,17.94
14482,18.43
14495,17.94
14509,18.43
14522,17.94
14535,17.94
14550,18.43
14563,17.94
14576,17.94
14589,18.43
14603,18.43
14617,18.43
14630,18.43
14644,18.43
14657,17.94
14670,18.43
14685,18.43
14698,18.43
14711,18.43
14725,18.43
14738,17.94
14752,18.43
14766,18.43
14779,17.94
14792,18.43
14807,17.94
14820,17.94
14833,18.43
14846,18.43
14860,18.43
14874,17.94
14887,18.43
14901,18.43
14914,18.43
14927,18.43
14942,17.94
14955,18.43
14968,17.94
14982,18.43
14995,17.94
15009,18.43
15023,18.43
15036,17.94
15049,18.43
15063,17.94
15077,18.43
15090,18.43
15104,17.94
15117,18.43
15130,17.94
15144,17.94
15158,18.43
15171,17.94
15184,18.43
15198,17.94
15212,18.43
15225,17.94
15239,17.94
15252,17.94
15265,17.94
15280,17.45
15293,17.94
15306,17.94
15320,17.45
15333,17.94
15347,17.45
15361,17.45
15374,17.94
15387,17.45
15400,17.94
15415,17.94
15428,17.45
15441,17.94
15455,17.94
15468,18.43
15482,17.94
15496,17.94
15509,18.43
15522,17.94
15536,17.45
15550,17.94
15563,17.94
15577,17.94
15590,17.94
15603,17.45
15618,17.94
15631,17.94
15644,17.45
15657,17.94
15672,17.94
15685,17.94
15698,17.94
15712,17.94
15725,18.43
15739,17.94
15753,18.43
15766,17.94
15779,17.94
15793,17.45
15807,17.94
15820,18.43
15834,17.94
15847,17.94
15860,17.45
15875,17.94
15888,17.94
15901,16.96
15915,17.94
15928,17.45
15942,17.94
15955,17.94
15969,17.45
15982,17.94
15995,17.45
16010,18.43
16023,18.91
16036,17.45
16050,17.45
16063,17.45
16077,17.45
16091,17.94
16104,17.94
16117,16.96
16131,17.94
16145,17.45
16158,17.45
16172,17.94
16185,17.45
16198,17.94
16212,17.45
16226,17.45
16239,17.94
16252,17.45
16266,18.43
16280,17.94
16293,17.94
16307,17.94
16320,17.94
16333,17.45
16348,17.94
16361,17.94
16374,17.94
16388,17.94
16401,17.45
16415,17.94
16429,17.94
16442,17.94
16455,17.94
16468,17.45
16483,17.94
16496,17.94
16509,17.45
16523,17.94
16537,17.94
16550,18.43
16564,17.94
16577,17.45
16590,17.45
16605,17.94
16618,17.45
16631,17.45
16645,17.94
16658,17.45
16672,17.94
16686,17.45
16699,17.45
16712,17.94
16726,17.45
16740,17.94
16753,17.45
16766,17.45
16780,17.94
16793,17.94
16807,18.43
16821,17.94
16834,17.94
16847,17.45
16861,17.94
16875,17.45
16888,17.94
16902,17.94
16915,17.45
16928,17.94
16943,17.45
16956,17.94
16969,17.94
16983,17.45
16996,18.43
17010,17.94
17024,17.94
17037,17.94
17050,17.94
17063,18.43
17078,17.94
17091,18.43
17104,17.45
17118,17.94
17131,17.45
17145,17.94
17159,17.94
17172,17.45
17185,17.94
17199,17.45
17213,17.94
17226,17.94
17240,17.45
17253,17.94
17266,17.45
17281,17.45
17294,18.43
17307,17.45
17320,17.94
17334,17.94
17348,18.43
17361,17.94
17375,17.94
17388,17.45
17402,17.94
17416,17.45
17429,17.45
17442,17.94
17456,17.45
17470,17.94
17483,17.45
17497,17.45
17510,17.94
17523,17.45
17538,17.94
17551,17.94
17564,17.94
17577,17.45
17591,17.94
17605,18.43
17618,17.94
17632,17.94
17645,16.96
17658,17.94
17673,17.45
17686,17.94
17699,17.94
17713,17.45
17726,17.94
17740,17.45
17754,17.94
17767,18.43
17780,17.45
17794,17.94
17808,17.94
17821,16.96
17835,17.94
17848,17.94
17861,17.94
17875,17.45
17889,18.43
17902,16.96
17915,17.45
17929,17.45
17943,17.94
17956,17.45
17970,17.45
17983,17.94
17996,17.45
18011,17.94
18024,17.45
18037,17.45
18051,17.45
18064,17.45
18078,16.96
18092,17.94
18105,17.94
18118,16.96
18131,17.94
18146,18.43
18159,17.45
18172,17.94
18186,17.45
18199,17.94
18213,17.45
18227,17.94
18240,17.94
18253,17.45
18268,17.45
18281,17.94
18294,17.94
18308,17.45
18321,17.45
18335,17.45
18349,17.94
18362,17.94
18375,17.45
18388,17.94
18403,18.43
18416,17.94
18429,17.94
18443,17.45
18456,17.94
18470,17.94
18484,17.94
18497,17.94
18510,17.45
18524,17.45
18538,17.94
18551,16.96
18565,17.45
18578,17.45
18591,17.94
18606,17.45
18619,17.45
18632,17.45
18646,17.94
18659,17.94
18673,17.94
18686,17.94
18700,17.45
18713,17.94
18726,16.96
18741,17.45
18754,17.45
18767,16.96
18781,17.45
18794,17.45
18808,16.96
18822,17.94
18835,17.94
18848,16.96
18862,17.45
18876,17.45
18889,17.94
18903,17.45
18916,17.45
18929,17.45
18944,17.94
18957,17.45
18970,17.45
18983,17.45
18997,17.45
19011,17.94
19024,16.96
19038,17.45
19051,17.45
19064,16.96
19079,17.45
19092,17.45
19105,16.96
19119,17.45
19133,17.45
19146,17.94
19160,17.45
19173,17.45
19186,17.94
19201,17.94
19214,17.45
19227,17.94
19240,17.45
19254,17.45
19268,17.45
19281,16.96
19295,17.94
19308,17.45
19321,16.96
19336,17.45
19349,17.45
19362,17.94
19376,17.94
19389,17.45
19403,17.45
19417,17.45
19430,17.94
19443,17.94
19457,17.45
19471,17.45
19484,17.94
19497,17.94
19511,17.45
19524,17.45
19538,16.96
19552,17.94
19565,17.94
19578,16.96
19592,17.45
19606,17.45
19619,17.94
19633,17.94
19646,17.45
19659,17.45
19674,17.45
19687,17.45
19700,17.94
19714,17.45
19727,16.96
19741,17.94
19755,17.94
19768,17.45
19781,17.45
19794,16.96
19809,17.45
19822,17.45
19835,17.45
19849,17.45
19862,17.45
19876,17.45
19890,17.45
19903,17.45
19916,17.94
19930,17.94
19944,17.45
19957,17.45
19971,17.45
19984,16.96
19998,17.45
20012,16.96
20025,17.94
20038,17.94
20051,16.96
20066,17.45
20079,17.45
20092,17.94
20106,17.94
20119,17.45
20133,17.94
20147,17.45
20160,17.45
20173,17.45
20187,17.45
20201,16.96
20214,17.45
20228,16.96
20241,16.96
20254,17.45
20269,16.96
20282,17.94
20295,17.45
20308,16.96
20322,17.45
20336,17.45
20349,17.94
20363,17.45
20376,17.45
20389,17.45
20404,17.45
20417,17.45
20430,17.45
20444,17.45
20457,16.96
20471,17.45
20485,16.96
20498,17.45
20511,17.45
20525,16.96
20539,17.94
20552,17.45
20566,18.43
20579,17.94
20592,17.45
20606,17.94
20620,17.45
20633,17.94
20646,17.45
20660,17.45
20674,16.96
20687,17.45
20701,17.94
20714,16.96
20727,17.45
20742,17.45
20755,17.45
20768,17.94
20782,17.45
20795,17.45
20809,17.45
20823,18.43
20836,18.43
20849,17.45
20864,17.45
20877,17.45
20890,16.96
20903,17.45
20917,17.45
20931,16.96
20944,17.94
20958,17.45
20971,17.94
20984,17.45
20999,17.45
21012,17.94
21025,17.45
21039,17.45
21052,17.94
21066,17.45
21080,17.94
21093,16.47
21106,17.45
21120,17.45
21134,17.45
21147,16.96
21160,17.45
21174,17.94
21187,16.96
21201,17.94
21215,17.45
21228,17.94
21241,17.94
21255,16.96
21269,18.43
21282,17.45
21296,17.94
21309,18.43
21322,17.45
21337,17.94
21350,17.45
21363,18.43
21377,17.45
21390,17.45
21404,16.96
21417,17.45
21431,17.45
21444,16.96
21457,17.45
21472,17.45
21485,17.45
21498,17.45
21512,17.45
21525,17.45
21539,17.45
21553,17.45
21566,17.45
21579,17.45
21593,17.45
21607,17.45
21620,17.94
21634,17.45
21647,17.45
21660,16.96
21675,17.94
21688,17.45
21701,17.94
21714,17.94
21729,17.45
21742,17.45
21755,17.45
21769,17.45
21782,17.45
21796,17.45
21810,17.45
21823,17.45
21836,17.94
21850,17.94
21864,17.45
21877,17.94
21891,17.45
21904,17.94
21917,16.96
21932,17.45
21945,16.96
21958,17.94
21971,17.94
21985,17.45
21999,17.45
22012,17.45
22026,17.45
22039,17.94
22052,17.45
22067,17.45
22080,17.45
22093,16.96
22107,16.96
22120,17.45
22134,16.96
22148,17.45
22161,17.94
22174,17.45
22188,17.45
22202,17.45
22215,17.94
22228,17.45
22242,17.45
22255,17.94
22269,17.45
22283,17.45
22296,17.45
22309,17.45
22323,16.96
22337,17.45
22350,16.96
22364,17.94
22377,17.94
22390,17.45
22405,17.94
22418,17.94
22431,17.94
22445,17.94
22458,17.45
22472,17.94
22486,17.45
22499,17.45
22512,17.94
22525,17.45
22540,16.96
22553,17.45
22566,16.96
22580,16.96
22594,17.45
22607,17.45
22621,17.45
22634,17.94
22647,17.45
22662,17.45
22675,17.94
22688,17.94
22702,17.94
22715,17.45
22729,17.45
22743,17.45
22756,16.96
22769,17.45
22782,17.45
22797,16.96
22810,17.45
22823,17.45
22837,17.94
22850,17.94
22864,16.96
22878,17.94
22891,17.45
22904,17.94
22918,17.94
22932,16.96
22945,17.94
22959,17.94
22972,17.94
22985,17.45
23000,17.45
23013,16.96
23026,17.45
23040,17.94
23053,16.96
23067,17.45
23080,16.96
23094,17.45
23107,17.94
23120,17.45
23135,17.94
23148,17.45
23161,17.94
23175,17.94
23188,17.45
23202,17.45
23216,17.94
23229,16.96
23242,17.94
23256,17.45
23270,16.96
23283,17.45
23297,17.45
23310,17.45
23323,17.45
23337,17.45
23351,17.45
23364,17.45
23377,17.45
23391,17.94
23405,17.45
23418,17.45
23432,17.45
23445,17.45
23459,17.45
23473,17.45
23486,16.96
23499,17.94
23513,17.45
23527,16.96
23540,17.45
23554,16.96
23567,17.94
23580,17.94
23595,17.45
23608,17.45
23621,17.45
23634,17.45
23648,17.45
23662,17.45
23675,17.45
23689,17.94
23702,17.45
23715,17.94
23730,17.94
23743,17.45
23756,17.94
23770,17.45
23783,17.45
23797,17.94
23811,17.45
23824,17.94
23837,17.94
23851,17.45
23865,17.94
23878,17.94
23891,17.45
23905,17.94
23918,17.94
23932,17.94
23946,17.94
23959,17.94
23972,17.94
23986,17.94
24000,17.45
24013,17.94
24027,17.94
24040,17.94
24053,17.94
24068,17.94
24081,17.94
24094,17.94
24108,17.94
24121,17.94
24135,17.94
24148,17.45
24162,17.94
24175,17.94
24188,17.45
24203,17.94
24216,17.45
24229,17.94
24243,17.94
24256,17.45
24270,17.94
24284,17.94
24297,17.94
24310,17.94
24325,17.45
24338,17.94
24351,17.94
24365,17.94
24378,17.94
24392,17.94
24406,17.45
24419,17.94
24432,17.45
24445,17.45
24460,17.94
24473,17.45
24486,17.94
24500,17.94
24513,17.94
24527,17.94
24541,17.94
24554,17.94
24567,17.94
24581,17.45
24595,17.94
24608,17.94
24622,17.45
24635,17.94
24648,17.94
24663,17.45
24676,17.94
24689,17.45
24702,17.94
24716,17.94
24730,17.45
24743,17.45
24757,17.45
24770,17.94
24783,17.94
24798,17.45
24811,17.94
24824,17.94
24838,17.94
24851,17.94
24865,17.45
24879,17.45
24892,17.94
24905,17.45
24919,17.45
24933,17.94
24946,17.45
24960,17.94
24973,17.45
24986,17.45
25000,17.94
25014,17.45
25027,17.94
25040,17.94
25054,17.45
25068,17.94
25081,17.94
25095,17.94
25108,17.94
25121,17.94
25136,17.45
25149,17.94
25162,17.45
25176,17.94
25190,17.94
25203,17.45
25217,17.94
25230,17.45
25243,17.94
25257,17.94
25271,17.94
25284,17.94
25297,17.94
25311,17.94
25325,17.94
25338,17.94
25352,17.94
25365,17.94
25378,17.94
25393,17.45
25406,17.94
25419,17.45
25433,17.94
25446,17.94
25460,17.45
25474,17.94
25487,17.45
25500,17.94
25513,17.94
25528,17.45
25541,17.45
25554,17.45
25568,17.45
25581,17.94
25595,17.94
25609,17.45
25622,17.94
25635,18.43
25649,17.45
25663,17.94
25676,17.45
25690,17.94
25703,17.45
25716,17.94
25731,17.94
25744,17.94
25757,17.94
25771,17.94
25784,17.94
25798,17.94
25811,17.94
25825,17.45
25838,17.94
25851,17.94
25866,17.45
25879,17.94
25892,18.43
25906,17.94
25919,17.94
25933,17.45
25947,18.43
25960,17.94
25973,17.94
25987,17.94
26001,17.94
26014,17.45
26028,17.94
26041,17.45
26055,17.45
26068,17.94
26082,17.45
26095,17.94
26108,17.45
26123,17.45
26136,17.94
26149,17.94
26163,17.94
26176,17.94
26190,17.45
26204,17.94
26217,17.45
26230,17.45
26244,17.94
26258,17.94
26271,17.94
26285,17.94
26298,17.45
26311,17.94
26326,17.94
26339,17.45
26352,17.94
26365,17.94
26379,17.94
26393,17.94
26406,17.94
26420,17.45
26433,17.94
26446,17.94
26461,17.94
26474,17.94
26487,17.94
26501,17.94
26514,17.94
26528,17.45
26542,17.94
26555,17.94
26568,17.94
26582,17.94
26596,17.94
26609,17.94
26622,17.94
26636,17.94
26649,17.94
26663,17.94
26677,17.94
26690,17.94
26703,17.45
26717,17.94
26731,17.94
26744,17.45
26758,17.94
26771,17.45
26784,17.45
26799,17.94
26812,17.45
26825,17.94
26839,17.94
26852,17.94
26866,17.94
26880,17.94
26893,17.94
26906,17.94
26920,17.94
26934,17.94
26947,17.94
26960,17.45
26974,18.43
26988,17.94
27001,17.45
27015,17.94
27028,17.45
27041,17.94
27056,17.94
27069,17.45
27082,17.94
27096,17.94
27109,17.94
27123,17.94
27137,17.94
27150,17.45
27163,17.94
27176,17.45
27191,17.45
27204,17.94
27217,17.45
27231,18.43
27244,17.94
27258,17.45
27272,17.94
27285,17.94
27298,17.94
27312,17.94
27326,17.94
27339,17.94
27353,17.94
27366,17.45
27379,17.94
27394,17.94
27407,17.94
27420,17.94
27433,17.45
27447,17.94
27461,17.94
27474,17.45
27488,17.94
27501,17.94
27514,18.43
27529,17.94
27542,17.94
27555,17.94
27569,17.94
27582,17.94
27596,17.94
27610,17.94
27623,17.94
27636,17.94
27650,17.94
27664,17.94
27677,17.94
27691,17.45
27704,17.94
27717,17.94
27731,17.45
27745,17.94
27758,17.94
27771,18.43
27786,17.94
27799,17.94
27812,17.94
27826,17.94
27839,17.94
27853,17.94
27867,17.94
27880,17.94
27893,17.94
27907,17.94
27921,17.94
27934,17.94
27948,17.94
27961,17.94
27974,17.94
27988,17.94
28002,18.43
28015,17.94
28028,18.43
28042,17.94
28056,17.94
28069,17.94
28083,17.94
28096,17.94
28109,17.94
28124,17.94
28137,17.94
28150,17.94
28164,17.94
28177,17.94
28191,17.94
28205,17.94
28218,17.94
28231,17.94
28244,18.43
28259,17.94
28272,17.94
28285,18.43
28299,17.94
28312,18.43
28326,17.94
28340,17.94
28353,17.94
28366,17.94
28380,17.94
28394,17.94
28407,17.94
28421,17.94
28434,18.43
28447,17.94
28462,17.94
28475,17.94
28488,17.94
28502,17.94
28515,17.94
28529,17.94
28542,17.94
28556,17.94
28569,18.43
28582,17.94
28597,17.94
28610,17.94
28623,17.94
28637,17.94
28651,17.94
28664,17.94
28678,17.94
28691,17.94
28704,17.94
28719,17.94
28732,17.94
28745,17.94
28759,17.94
28772,17.94
28786,17.94
28800,17.94
28813,17.94
28826,18.43
28839,17.94
28854,17.94
28867,17.94
28880,17.94
28894,17.94
28907,17.94
28921,17.94
28935,17.94
28948,17.94
28961,17.94
28975,17.94
28989,18.43
29002,17.94
29016,17.94
29029,17.94
29042,17.94
29057,17.94
29070,17.94
29083,17.94
29096,17.94
29110,18.43
29124,17.94
29137,17.94
29151,17.94
29164,17.94
29177,17.94
29192,18.43
29205,17.94
29218,17.94
29232,17.94
29245,17.94
29259,17.94
29273,17.94
29286,17.94
29299,17.94
29313,17.94
29327,17.94
29340,17.94
29353,18.43
29367,18.43
29380,17.94
29394,17.94
29408,17.94
29421,18.43
29434,17.94
29448,17.94
29462,17.94
29475,18.43
29489,17.94
29502,17.94
29516,17.94
29530,17.94
29543,17.94
29556,17.94
29570,17.94
29584,17.94
29597,17.94
29611,17.94
29624,18.43
29637,17.94
29651,18.43
29665,17.94
29678,17.94
29691,18.43
29705,17.94
29719,17.94
29732,18.43
29746,17.94
29759,17.94
29772,17.94
29787,17.94
29800,18.43
29813,17.94
29827,17.94
29840,17.94
29854,18.43
29868,17.94
29881,18.43
29894,18.43
29907,18.43
29922,18.43
29935,17.94
29948,17.94
29962,17.94
29975,17.94
29989,18.43
30003,17.94
30016,17.94
30029,17.94
30043,17.94
30057,18.43
30070,17.94
30084,18.43
30097,17.94
30110,17.94
30125,18.43
30138,17.94
30151,17.94
30164,18.43
30178,18.43
30192,18.43
30205,18.43
30219,17.94
30232,17.94
30245,17.94
30260,17.94
30273,17.94
30286,18.43
30300,18.43
30313,17.94
30327,18.43
30341,18.43
30354,17.94
30367,17.94
30382,17.94
30395,18.43
30408,17.94
30422,18.43
30435,17.94
30449,18.43
30462,18.43
30476,17.94
30489,17.94
30502,17.94
30517,17.94
30530,17.94
30543,17.94
30557,17.94
30570,17.94
30584,17.94
30598,18.43
30611,18.43
30624,17.94
30638,17.94
30652,17.94
30665,18.43
30679,18.43
30692,17.94
30705,18.43
30720,17.94
30733,17.94
30746,17.94
30759,18.43
30773,18.43
30787,17.94
30800,18.43
30814,17.94
30827,18.43
30840,17.94
30855,17.94
30868,18.43
30881,17.94
30895,18.43
30908,17.94
30922,18.43
30936,18.43
30949,17.94
30962,18.43
30976,17.94
30990,18.43
31003,18.43
31016,18.43
31030,18.43
31043,17.94
31057,18.43
31071,18.43
31084,18.43
31097,18.43
31111,17.94
31125,18.43
31138,17.94
31152,17.94
31165,18.43
31178,18.43
31193,18.43
31206,17.94
31219,18.43
31233,17.94
31247,18.43
31260,18.43
31273,18.43
31287,18.43
31300,18.43
31314,17.94
31328,18.43
31341,18.43
31354,17.94
31368,18.43
31382,18.43
31395,17.94
31409,17.94
31422,17.94
31435,18.43
31450,17.94
31463,18.43
31476,18.43
31490,18.43
31503,18.43
31517,17.94
31531,18.43
31544,17.94
31557,18.43
31570,17.94
31585,18.43
31598,18.43
31611,17.94
31625,18.43
31638,17.94
31652,18.43
31666,18.43
31679,18.43
31692,18.43
31706,17.94
31720,18.43
31733,18.43
31747,18.43
31760,18.43
31773,18.43
31788,18.43
31801,17.94
31814,18.43
31827,17.94
31841,18.43
31855,18.43
31868,17.94
31882,18.43
31895,18.43
31908,18.43
31923,17.94
31936,18.43
31949,17.94
31963,17.94
31976,17.94
31990,18.43
32004,18.43
32017,17.94
32030,18.43
32044,18.43
32058,17.94
32071,18.43
32084,17.94
32098,18.43
32112,17.94
32125,18.43
32139,17.94
32152,17.94
32165,18.43
32180,17.94
32193,18.43
32206,18.43
32220,18.43
32233,18.43
32247,18.43
32261,18.43
32274,17.94
32287,18.43
32301,18.43
32315,18.43
32328,18.43
32342,17.94
32355,18.43
32368,17.94
32382,18.43
32396,18.43
32409,17.94
32422,18.43
32436,18.43
32450,17.94
32463,18.43
32477,18.43
32490,17.94
32503,18.43
32518,17.94
32531,18.43
32544,17.94
32558,18.43
32571,18.43
32585,18.43
32599,18.43
32612,17.94
32625,18.43
32638,18.43
32653,17.94
32666,18.43
32679,18.43
32693,18.43
32706,17.94
32720,18.43
32734,18.43
32747,17.94
32760,18.43
32774,17.94
32788,17.94
32801,18.43
32815,18.43
32828,18.43
32841,18.43
32856,18.43
32869,17.94
32882,18.43
32896,18.43
32909,18.43
32923,17.94
32936,17.94
32950,18.43
32963,17.94
32977,18.43
32991,18.43
33004,17.94
33017,18.43
33031,18.43
33045,18.43
33058,17.94
33072,18.43
33085,18.43
33098,18.43
33113,18.43
33126,18.43
33139,18.43
33153,17.94
33166,18.43
33180,17.94
33193,18.43
33207,18.43
33220,18.43
33233,18.43
33248,18.43
33261,18.43
33274,18.43
33288,18.43
33301,18.43
33315,18.43
33329,18.43
33342,17.94
33355,18.43
33369,18.43
33383,18.43
33396,18.43
33410,18.43
33423,18.43
33436,17.94
33451,18.43
33464,18.43
33477,17.94
33490,18.43
33504,17.94
33518,18.43
33531,18.43
33545,18.43
33558,18.43
33571,18.43
33586,18.43
33599,18.43
33612,18.43
33626,18.43
33639,18.43
33653,17.94
33667,18.43
33680,18.43
33693,17.94
33707,18.43
33721,18.43
33734,18.43
33747,18.43
33761,18.43
33774,18.43
33788,17.94
33802,18.43
33815,18.43
33828,18.43
33843,18.43
33856,18.43
33869,18.43
33883,17.94
33896,18.43
33910,17.94
33924,18.43
33937,18.43
33950,17.94
33964,18.43
33978,18.43
33991,18.43
34004,17.94
34018,18.43
34031,18.43
34045,18.43
34059,18.43
34072,18.43
34085,18.43
34099,17.94
34113,18.43
34126,18.43
34140,17.94
34153,18.43
34166,18.43
34181,18.43
34194,18.43
34207,18.43
34221,18.43
34234,17.94
34248,18.43
34262,18.43
34275,18.43
34288,18.43
34301,18.43
34316,17.94
34329,18.43
34342,18.43
34356,17.94
34369,18.43
34383,18.43
34397,18.43
34410,18.43
34423,18.43
34437,18.43
34451,18.43
34464,18.43
34478,18.43
34491,18.43
34504,18.43
34519,18.43
34532,18.43
34545,18.43
34558,18.43
34572,17.94
34586,18.43
34599,18.43
34613,17.94
34626,18.43
34639,18.43
34654,18.43
34667,18.43
34680,18.43
34694,18.43
34708,17.94
34721,18.43
34735,18.43
34748,18.43
34761,17.94
34776,18.43
34789,17.94
34802,17.94
34816,18.43
34829,17.94
34843,18.43
34856,18.43
34870,18.43
34883,18.43
34896,18.43
34911,18.43
34924,18.43
34937,18.43
34951,18.43
34964,17.94
34978,18.43
34992,18.43
35005,18.43
35018,17.94
35032,18.43
35046,18.43
35059,18.43
35073,18.43
35086,17.94
35099,18.43
35113,18.43
35127,18.43
35140,18.43
35153,18.43
35167,18.43
35181,18.43
35194,17.94
35208,18.43
35221,18.43
35234,18.43
35249,18.43
35262,18.43
35275,18.43
35289,18.43
35302,18.43
35316,18.43
35330,18.43
35343,18.43
35356,18.43
35369,18.43
35384,18.43
35397,18.43
35410,18.43
35424,17.94
35437,18.43
35451,17.94
35465,18.43
35478,18.43
35491,18.43
35505,18.43
35519,18.43
35532,18.43
35546,18.43
35559,18.43
35573,18.43
35587,17.94
35600,18.43
35613,17.94
35627,18.43
35641,18.43
35654,18.43
35667,18.43
35681,18.43
35694,18.43
35708,17.94
35722,18.43
35735,18.43
35748,18.43
35762,18.43
35776,18.43
35789,18.43
35803,18.43
35816,17.94
35829,18.43
35844,17.94
35857,18.43
35870,18.43
35884,18.43
35897,17.94
35911,18.43
35924,17.94
35938,18.43
35951,18.43
35964,18.43
35979,18.43
35992,18.43
36005,18.43
36019,18.43
36032,18.43
36046,18.43
36060,18.43
36073,18.43
36086,18.43
36100,18.43
36114,18.43
36127,18.43
36141,18.43
36154,17.94
36167,18.43
36182,17.94
36195,18.43
36208,18.43
36221,18.43
36235,18.43
36249,18.43
36262,18.43
36276,18.43
36289,18.43
36302,18.43
36317,18.43
36330,18.43
36343,18.43
36357,18.43
36370,18.43
36384,18.43
36398,18.43
36411,17.94
36424,18.43
36439,18.43
36452,18.43
36465,18.43
36478,18.43
36492,18.43
36506,18.43
36519,18.43
36533,18.43
36546,18.43
36559,18.43
36574,18.43
36587,17.94
36600,18.43
36614,18.43
36627,17.94
36641,18.43
36655,18.43
36668,18.43
36681,18.43
36695,18.43
36709,18.43
36722,18.43
36736,18.43
36749,17.94
36762,18.43
36776,18.43
36790,18.43
36803,18.43
36816,17.94
36830,18.43
36844,18.43
36857,18.43
36871,18.43
36884,18.43
36897,18.43
36912,18.43
36925,18.43
36938,18.43
36952,18.43
36965,18.43
36979,18.43
36993,18.43
37006,18.43
37019,18.43
37032,18.43
37047,18.43
37060,18.43
37073,18.43
37087,18.43
37100,17.94
37114,18.43
37128,18.43
37141,18.43
37154,18.43
37168,18.43
37182,18.43
37195,18.43
37209,18.43
37222,18.43
37235,18.43
37250,18.43
37263,18.43
37276,18.43
37289,17.94
37304,18.43
37317,18.43
37330,18.43
37344,18.43
37357,18.43
37371,18.43
37385,18.43
37398,18.43
37411,18.43
37425,18.43
37439,18.43
37452,18.43
37466,17.94
37479,18.43
37492,18.43
37507,18.43
37520,18.43
37533,17.94
37547,17.94
37560,18.43
37574,18.43
37587,18.43
37601,18.43
37614,18.43
37627,18.43
37642,18.43
37655,18.43
37668,18.43
37682,18.43
37695,18.43
37709,18.43
37723,17.94
37736,18.43
37749,18.43
37763,17.94
37777,18.43
37790,18.43
37804,18.43
37817,18.43
37830,18.43
37844,18.43
37858,18.43
37871,18.43
37884,18.43
37898,18.43
37912,18.43
37925,18.43
37939,18.43
37952,17.94
37965,18.43
37980,18.43
37993,18.43
38006,18.43
38020,17.94
38033,18.43
38047,18.43
38061,18.43
38074,18.43
38087,18.43
38100,18.43
38115,18.43
38128,18.43
38141,18.43
38155,18.43
38169,18.43
38182,18.43
38196,18.43
38209,17.94
38222,18.43
38237,18.43
38250,18.43
38263,18.43
38277,18.43
38290,18.43
38304,18.43
38318,18.43
38331,18.43
38344,18.43
38358,18.43
38372,18.43
38385,17.94
38398,18.43
38412,18.43
38425,17.94
38439,18.43
38453,18.43
38466,18.43
38479,18.43
38493,18.43
38507,18.43
38520,18.43
38534,18.43
38547,18.43
38560,18.43
38575,18.43
38588,18.43
38601,17.94
38615,18.43
38628,18.43
38642,17.94
38656,18.43
38669,18.43
38682,18.43
38695,18.43
38710,18.43
38723,18.43
38736,18.43
38750,18.43
38763,18.43
38777,18.43
38791,18.43
38804,18.43
38817,18.43
38831,17.94
38845,18.43
38858,17.94
38872,18.43
38885,18.43
38898,18.43
38913,18.43
38926,18.43
38939,18.43
38952,18.43
38966,18.43
38980,18.43
38993,18.43
39007,18.43
39020,18.43
39034,18.43
39048,18.43
39061,18.43
39074,18.43
39088,18.43
39102,18.43
39115,18.43
39129,18.43
39142,18.43
39155,18.43
39170,18.43
39183,18.43
39196,18.43
39209,18.43
39223,18.43
39237,18.43
39250,18.43
39264,17.94
39277,18.43
39290,18.43
39305,17.94
39318,18.43
39331,17.94
39345,17.94
39358,18.43
39372,18.43
39386,18.43
39399,18.43
39412,18.43
39426,18.43
39440,18.43
39453,18.43
39467,18.43
39480,18.43
39493,18.43
39507,18.43
39521,17.94
39534,18.43
39547,18.43
39561,17.94
39575,18.43
39588,18.43
39602,18.43
39615,18.43
39628,18.43
39643,18.43
39656,17.94
39669,18.43
39683,18.43
39696,18.43
39710,18.43
39724,18.43
39737,17.94
39750,17.94
39763,18.43
39778,17.94
39791,18.43
39804,17.94
39818,17.94
39831,17.94
39845,17.94
39859,18.43
39872,17.94
39885,17.94
39900,17.94
39913,17.94
39926,17.94
39940,17.94
39953,17.94
39967,17.94
39981,17.94
39994,17.94
40007,17.94
40020,18.43
40035,17.94
40048,18.43
40061,17.94
40075,18.43
40088,17.94
40102,17.94
40116,18.43
40129,17.94
40142,18.43
40156,18.43
40170,18.43
40183,17.94
40197,17.94
40210,18.43
40223,17.94
40238,17.94
40251,17.94
40264,17.94
40278,18.43
40291,18.43
40305,18.43
40318,17.94
40332,18.43
40345,18.43
40358,17.94
40373,17.45
40386,17.94
40399,17.94
40413,17.94
40426,17.94
40440,17.94
40454,18.43
40467,17.94
40480,17.94
40494,17.94
40508,17.94
40521,18.43
40535,17.94
40548,17.94
40561,18.43
40576,17.94
40589,18.43
40602,17.94
40615,18.43
40629,17.94
40643,18.43
40656,17.94
40670,18.43
40683,18.43
40696,17.94
40711,18.43
40724,17.94
40737,18.43
40751,17.94
40765,17.94
40778,18.43
40792,17.94
40805,18.43
40818,18.43
40833,17.94
40846,18.43
40859,17.94
40872,18.43
40886,17.94
40900,18.43
40913,17.94
40927,18.43
40940,17.94
40953,17.94
40968,18.43
40981,17.94
40994,18.43
41008,17.94
41021,18.43
41035,17.94
41049,18.43
41062,17.94
41075,17.94
41089,17.94
41103,18.43
41116,17.94
41129,18.43
41143,18.43
41156,18.43
41170,17.94
41184,17.94
41197,17.94
41210,18.43
41224,17.94
41238,17.94
41251,18.43
41265,17.94
41278,18.43
41291,18.43
41306,17.94
41319,17.94
41332,17.94
41346,18.43
41359,17.94
41373,17.94
41387,18.43
41400,17.94
41413,18.43
41426,17.94
41441,17.94
41454,17.94
41467,18.43
41481,18.43
41494,17.94
41508,17.94
41522,17.94
41535,17.45
41548,17.94
41562,18.43
41576,17.94
41589,17.94
41603,17.94
41616,17.94
41630,17.94
41644,17.94
41657,17.94
41670,18.43
41683,18.43
41698,17.94
41711,17.94
41724,18.43
41738,17.94
41751,18.43
41765,17.94
41779,18.43
41792,17.94
41805,17.94
41819,18.43
41833,17.94
41846,18.43
41860,17.94
41873,18.43
41886,18.43
41901,18.43
41914,18.43
41927,18.43
41940,17.94
41954,17.94
41968,17.94
41981,17.94
41995,17.94
42008,17.94
42021,18.43
42036,18.43
42049,17.94
42062,17.94
42076,17.94
42089,17.94
42103,17.94
42117,18.43
42130,18.43
42143,17.94
42157,18.43
42171,18.43
42184,18.43
42198,17.94
42211,18.43
42224,18.43
42238,18.43
42252,17.94
42265,17.94
42278,18.43
42292,17.94
42306,17.94
42319,17.94
42333,17.94
42346,18.43
42359,17.94
42374,17.94
42387,18.43
42400,17.94
42414,18.43
42427,17.94
42441,17.94
42455,18.43
42468,18.43
42481,18.43
42496,17.94
42509,17.94
42522,17.94
42535,17.94
42549,18.43
42563,17.94
42576,17.94
42590,17.94
42603,17.94
42616,18.43
42631,18.43
42644,17.94
42657,17.94
42671,17.94
42684,17.94
42698,18.43
42712,17.94
42725,18.43
42738,17.94
42752,17.94
42766,17.94
42779,17.94
42792,17.94
42806,17.94
42819,17.94
42833,18.43
42847,18.43
42860,18.43
42873,17.94
42887,17.94
42901,17.94
42914,18.43
42928,17.94
42941,18.43
42954,18.43
42969,17.94
42982,18.43
42995,17.94
43009,18.43
43022,17.94
43036,18.43
43049,18.43
43063,17.94
43076,17.94
43089,17.94
43104,18.43
43117,17.94
43130,17.94
43144,17.94
43157,18.43
43171,17.94
43185,17.94
43198,18.43
43211,17.94
43225,17.94
43239,18.43
43252,18.43
43266,18.43
43279,18.43
43292,17.94
43307,18.43
43320,18.43
43333,18.43
43346,17.94
43361,18.43
43374,17.94
43387,18.43
43401,17.94
43414,17.94
43428,17.94
43442,17.94
43455,18.43
43468,17.94
43482,18.43
43496,18.43
43509,17.94
43523,18.43
43536,17.94
43549,18.43
43564,18.43
43577,18.43
43590,17.94
43603,17.94
43617,18.43
43631,17.94
43644,18.43
43658,17.94
43671,18.43
43684,18.43
43699,17.94
43712,17.94
43725,17.94
43739,18.43
43752,18.43
43766,18.43
43780,18.43
43793,17.94
43806,18.43
43820,18.43
43834,18.43
43847,17.94
43860,18.43
43874,18.43
43887,17.94
43901,18.43
43915,18.43
43928,18.43
43941,17.94
43955,17.94
43969,18.43
43982,18.43
43996,17.94
44009,18.43
44022,18.43
44037,18.43
44050,18.43
44063,18.43
44077,18.43
44090,18.43
44104,17.94
44118,18.43
44131,17.94
44144,18.43
44157,18.43
44172,18.43
44185,18.43
44198,17.94
44212,17.94
44226,18.43
44239,18.43
44253,18.43
44266,18.43
44279,17.94
44294,17.94
44307,18.43
44320,18.43
44334,18.43
44347,18.43
44361,17.94
44375,17.94
44388,18.43
44401,18.43
44414,17.94
44429,18.43
44442,18.43
44455,18.43
44469,17.94
44482,18.43
44496,18.43
44510,17.94
44523,18.43
44536,17.94
44550,18.43
44564,18.43
44577,17.94
44591,17.94
44604,18.43
44617,17.94
44632,18.43
44645,17.94
44658,18.43
44672,17.94
44685,18.43
44699,17.94
44712,17.94
44726,17.94
44739,18.43
44752,18.43
44767,17.94
44780,17.94
44793,17.94
44807,18.43
44820,18.43
44834,18.43
44848,18.43
44861,18.43
44874,17.94
44888,17.94
44902,18.43
44915,17.94
44929,18.43
44942,17.94
44955,18.43
44969,18.43
44983,17.94
44996,18.43
45009,17.94
45023,18.43
45037,17.94
45050,18.43
45064,18.43
45077,17.94
45091,18.43
45105,18.43
45118,18.43
45131,18.43
45145,18.43
45159,18.43
45172,18.43
45186,18.43
45199,17.94
45212,18.43
45227,18.43
45240,17.94
45253,18.43
45266,17.94
45280,18.43
45294,18.43
45307,18.43
45321,18.43
45334,17.94
45347,17.94
45362,18.43
45375,18.43
45388,17.94
45402,18.43
45415,17.94
45429,17.94
45443,17.94
45456,18.43
45469,18.43
45483,18.43
45497,17.94
45510,18.91
45523,17.94
45537,18.43
45550,18.43
45564,17.94
45578,17.94
45591,18.43
45604,17.94
45618,18.43
45632,18.43
45645,17.94
45659,18.43
45672,17.94
45685,18.43
45700,18.43
45713,18.43
45726,18.91
45740,17.94
45753,18.43
45767,18.43
45780,18.43
45794,18.43
45807,18.43
45820,18.43
45835,18.43
45848,18.43
45861,17.94
45875,18.43
45888,18.43
45902,17.94
45916,18.43
45929,18.43
45942,18.43
45957,18.43
45970,18.43
45983,17.94
45997,18.43
46010,18.43
46024,18.43
46038,18.43
46051,17.94
46064,18.43
46077,17.94
46092,17.94
46105,18.43
46118,17.94
46132,18.43
46145,18.43
46159,18.43
46173,18.43
46186,18.43
46199,18.43
46213,17.94
46227,18.43
46240,18.43
46254,18.43
46267,17.94
46280,18.43
46295,18.43
46308,17.94
46321,18.43
46334,17.94
46348,18.43
46362,18.43
46375,17.94
46389,18.43
46402,17.94
46415,18.43
46430,18.43
46443,18.43
46456,18.43
46470,18.43
46483,18.43
46497,17.94
46511,18.43
46524,17.94
46537,18.43
46551,18.43
46565,17.94
46578,18.43
46592,17.94
46605,18.91
46618,17.94
46632,17.94
46646,18.43
46659,18.43
46672,18.43
46686,18.43
46700,18.43
46713,18.43
46727,18.43
46740,18.43
46753,18.43
46768,18.43
46781,17.94
46794,18.43
46808,17.94
46822,18.43
46835,18.43
46849,18.43
46862,18.43
46875,17.94
46889,18.43
46903,18.43
46916,18.43
46929,17.94
46943,18.43
46957,18.43
46970,17.94
46984,18.43
46997,18.43
47010,18.43
47025,18.43
47038,18.43
47051,18.43
47065,18.43
47078,18.43
47092,18.91
47106,18.43
47119,18.43
47132,18.43
47145,17.94
47160,17.94
47173,18.43
47186,17.94
47200,18.43
47213,17.94
47227,18.43
47241,18.43
47254,18.43
47267,18.43
47281,18.91
47295,18.43
47308,18.43
47322,18.43
47335,17.94
47348,18.43
47363,18.43
47376,18.43
47389,18.43
47403,17.94
47416,18.43
47430,18.43
47443,18.43
47457,18.43
47470,18.43
47483,18.43
47498,18.43
47511,18.43
47524,18.43
47538,18.91
47551,17.94
47565,18.43
47579,18.43
47592,18.43
47605,18.43
47619,17.94
47633,17.94
47646,18.43
47660,18.43
47673,18.43
47687,18.43
47700,18.43
47714,18.43
47727,18.43
47740,18.43
47755,18.43
47768,18.43
47781,18.43
47795,18.43
47808,17.94
47822,18.43
47836,18.43
47849,17.94
47862,18.43
47876,18.43
47890,18.43
47903,18.43
47917,18.43
47930,18.43
47943,18.43
47958,18.43
47971,18.43
47984,18.43
47997,18.43
48011,18.43
48025,18.43
48038,18.43
48052,18.43
48065,17.94
48078,18.91
48093,18.43
48106,17.94
48119,18.43
48133,18.43
48146,18.43
48160,18.43
48174,18.43
48187,18.43
48200,17.94
48214,18.43
48228,18.43
48241,18.43
48254,17.94
48268,18.43
48281,17.94
48295,17.94
48309,18.43
48322,17.94
48335,18.43
48349,18.43
48363,18.43
48376,18.43
48390,18.43
48403,18.43
48416,18.43
48431,18.43
48444,18.43
48457,18.43
48471,17.94
48484,18.43
48498,18.43
48512,17.94
48525,18.43
48538,17.94
48552,18.43
48566,18.43
48579,18.43
48592,18.43
48606,17.94
48620,18.43
48633,18.43
48647,18.43
48660,18.43
48673,18.43
48688,17.94
48701,18.43
48714,18.43
48728,17.94
48741,18.43
48755,18.43
48769,17.94
48782,17.94
48795,18.43
48808,18.91
48823,18.43
48836,18.43
48849,18.43
48863,18.43
48876,18.43
48890,18.43
48904,18.43
48917,18.43
48930,18.43
48944,18.43
48958,18.43
48971,18.43
48985,18.43
48998,18.43
49011,18.43
49026,18.43
49039,18.43
49052,17.94
49065,18.43
49079,18.43
49093,18.43
49106,18.43
49120,17.94
49133,18.43
49146,18.43
49161,18.43
49174,17.94
49187,18.43
49201,18.43
49214,18.43
49228,18.43
49242,18.43
49255,18.91
49268,18.43
49282,18.43
49296,18.91
49309,18.43
49323,18.43
49336,18.43
49349,17.94
49363,18.43
49377,18.43
49390,17.94
49403,18.43
49418,18.43
49431,18.43
49444,18.43
49458,18.43
49471,18.91
49485,18.43
49499,18.43
49512,18.43
49525,18.43
49539,18.43
49553,18.43
49566,18.43
49580,18.91
49593,18.43
49606,18.43
49620,18.43
49634,18.43
49647,18.43
49660,18.43
49674,18.91
49688,18.43
49701,18.43
49715,18.43
49728,18.43
49741,18.43
49756,18.43
49769,18.43
49782,18.43
49796,17.94
49809,18.43
49823,18.43
49837,17.94
49850,18.43
49863,18.43
49876,18.43
49891,17.94
49904,17.94
49917,18.43
49931,18.43
49944,18.43
49958,18.91
49972,18.43
49985,18.43
49998,18.43
50012,17.94
50026,18.43
50039,18.43
50053,17.94
50066,18.43
50079,18.43
50094,18.43
50107,18.43
50120,18.43
50134,18.43
50147,17.94
50161,18.43
50174,18.43
50188,18.43
50201,18.43
50214,18.43
50229,18.43
50242,18.43
50255,18.43
50269,18.43
50283,18.43
50296,18.43
50310,17.94
50323,18.43
50336,18.43
50351,18.43
50364,18.43
50377,18.43
50391,18.43
50404,18.43
50418,18.43
50432,18.43
50445,18.43
50458,17.94
50471,18.43
50486,18.43
50499,18.91
50512,18.43
50526,18.43
50539,18.43
50553,18.43
50567,18.43
50580,18.43
50593,18.43
50607,18.43
50621,18.43
50634,18.43
50648,17.94
50661,18.43
50674,18.43
50689,18.43
50702,18.43
50715,17.94
50728,18.43
50742,18.43
50756,18.43
50769,18.43
50783,18.43
50796,18.43
50809,18.43
50824,18.43
50837,18.43
50850,18.43
50864,18.91
50877,18.43
50891,17.94
50905,18.91
50918,18.43
50931,18.43
50945,18.43
50959,18.43
50972,17.94
50985,18.43
50999,18.43
51012,18.91
51026,18.43
51040,18.43
51053,18.43
51066,18.43
51080,18.43
51094,18.43
51107,18.43
51121,17.94
51134,18.43
51148,18.43
51162,18.43
51175,18.43
51188,18.43
51202,18.43
51216,18.43
51229,18.43
51243,18.43
51256,18.43
51269,18.43
51283,18.43
51297,18.91
51310,18.43
51323,18.43
51337,18.43
51351,18.43
51364,18.43
51378,18.43
51391,18.43
51404,18.43
51419,18.43
51432,18.43
51445,18.43
51459,18.43
51472,18.43
51486,18.43
51500,18.43
51513,18.43
51526,18.43
51539,18.43
51554,18.91
51567,18.43
51580,18.43
51594,18.43
51607,18.43
51621,18.43
51635,18.43
51648,18.43
51661,18.43
51675,18.43
51689,18.43
51702,18.43
51716,18.43
51729,18.43
51742,17.94
51757,18.43
51770,18.43
51783,17.94
51796,18.43
51810,18.91
51824,17.94
51837,18.43
51851,18.43
51864,18.43
51877,18.43
51892,18.43
51905,18.43
51918,18.43
51932,18.43
51945,18.43
51959,18.43
51973,17.94
51986,18.43
51999,18.43
52014,18.43
52027,18.43
52040,18.43
52054,18.43
52067,18.43
52081,18.91
52094,18.91
52108,18.43
52121,18.43
52134,18.43
52149,18.43
52162,18.43
52175,18.43
52189,18.91
52202,18.43
52216,18.43
52230,18.43
52243,18.43
52256,17.94
52270,18.43
52284,18.43
52297,18.43
52311,18.43
52324,18.43
52337,18.43
52352,18.91
52365,18.43
52378,18.43
52391,18.43
52405,18.43
52419,18.43
52432,18.91
52446,17.94
52459,18.43
52472,18.43
52487,18.43
52500,18.43
52513,18.43
52527,17.94
52540,18.43
52554,18.43
52568,18.91
52581,18.43
52594,18.43
52608,18.91
52622,17.94
52635,18.43
52648,18.43
52662,17.94
52675,18.43
52689,18.43
52703,18.43
52716,18.43
52729,18.43
52743,18.43
52757,18.43
52770,18.43
52784,18.43
52797,18.43
52810,18.43
52825,18.43
52838,18.43
52851,17.94
52865,18.43
52879,17.94
52892,18.43
52905,18.43
52919,18.43
52932,18.43
52946,18.43
52960,18.43
52973,18.43
52986,18.43
53000,18.43
53014,18.43
53027,18.43
53041,18.43
53054,18.43
53067,18.43
53082,18.43
53095,18.43
53108,17.94
53122,18.43
53135,18.43
53149,18.43
53163,18.43
53176,18.43
53189,18.91
53202,18.43
53217,18.43
53230,18.43
53243,18.43
53257,18.43
53270,18.43
53284,17.94
53298,18.43
53311,18.43
53324,17.94
53338,18.43
53352,18.43
53365,18.43
53379,18.43
53392,18.43
53405,18.43
53420,18.43
53433,18.43
53446,18.43
53459,18.43
53473,17.94
53487,18.43
53500,18.43
53514,18.43
53527,18.43
53540,18.43
53555,18.43
53568,18.43
53581,18.43
53595,18.43
53608,18.43
53622,18.43
53636,18.43
53649,18.43
53662,18.43
53676,18.43
53690,18.91
53703,18.43
53716,18.43
53730,17.94
53744,18.43
53757,18.43
53771,18.43
53784,18.43
53797,18.43
53812,18.43
53825,18.43
53838,18.43
53852,18.43
53865,18.43
53879,18.43
53893,18.43
53906,18.43
53919,18.43
53933,18.43
53947,18.91
53960,18.43
53974,18.43
53987,17.94
54000,18.43
54014,18.43
54028,18.43
54041,18.43
54054,18.43
54068,18.43
54082,18.43
54095,17.94
54109,18.43
54122,18.43
54135,18.43
54150,18.43
54163,17.94
54176,17.94
54190,18.43
54203,18.43
54217,18.43
54231,18.91
54244,18.43
54257,18.43
54270,18.43
54285,18.43
54298,18.43
54311,18.43
54325,18.43
54338,18.43
54352,18.43
54366,18.43
54379,18.43
54392,18.43
54406,18.43
54420,18.43
54433,18.43
54447,18.43
54460,18.43
54473,18.43
54488,18.91
54501,18.43
54514,18.43
54528,18.43
54541,18.43
54555,18.43
54568,18.43
54582,18.43
54595,18.43
54609,18.43
54623,18.43
54636,18.43
54649,18.43
54663,18.43
54677,18.43
54690,18.43
54704,18.43
54717,18.43
54730,18.43
54745,18.91
54758,18.43
54771,18.91
54785,18.43
54798,18.43
54812,18.43
54825,18.43
54839,18.43
54852,18.43
54865,18.43
54880,18.43
54893,18.43
54906,18.43
54920,18.91
54933,18.43
54947,18.43
54961,18.43
54974,18.43
54987,18.43
55001,18.43
55015,18.43
55028,18.43
55042,18.43
55055,18.43
55068,18.43
55083,18.43
55096,18.43
55109,18.43
55122,18.43
55136,18.43
55150,18.43
55163,18.43
55177,18.43
55190,18.43
55203,18.43
55218,18.43
55231,18.43
55244,18.43
55258,18.43
55271,18.43
55285,18.43
55299,18.43
55312,18.43
55325,18.43
55339,18.43
55353,18.43
55366,18.43
55379,18.43
55393,18.43
55406,18.43
55420,18.43
55434,18.43
55447,18.43
55460,18.43
55475,18.43
55488,18.43
55501,18.43
55515,18.43
55528,18.43
55542,18.43
55556,18.43
55569,18.43
55582,18.43
55596,18.43
55610,18.43
55623,18.43
55636,18.43
55650,18.43
55663,18.43
55677,18.43
55691,18.43
55704,18.43
55717,18.43
55731,18.43
55745,18.43
55758,18.43
55772,18.43
55785,18.43
55798,18.43
55813,18.43
55826,18.43
55839,18.43
55853,18.43
55866,18.43
55880,18.43
55894,17.94
55907,18.43
55920,18.43
55933,18.43
55948,18.43
55961,18.43
55974,18.43
55988,18.43
56001,18.43
56015,18.43
56029,17.94
56042,18.43
56055,18.43
56069,18.43
56083,18.43
56096,18.43
56110,18.43
56123,17.94
56136,18.43
56151,18.43
56164,18.43
56177,18.43
56190,18.43
56204,18.43
56218,18.43
56231,18.43
56245,18.43
56258,18.43
56271,18.43
56286,18.43
56299,18.43
56312,18.43
56326,18.43
56340,18.43
56353,18.43
56367,18.43
56380,17.94
56393,18.43
56408,18.43
56421,18.43
56434,18.43
56448,18.43
56461,18.43
56475,18.43
56488,18.43
56502,18.43
56515,18.43
56528,18.43
56543,18.43
56556,18.43
56569,18.43
56583,18.43
56596,18.43
56610,18.43
56624,18.43
56637,18.43
56650,18.43
56664,18.43
56678,18.43
56691,18.43
56705,18.43
56718,18.43
56731,18.43
56745,18.43
56759,18.43
56772,18.43
56785,17.94
56799,18.43
56813,18.43
56826,18.43
56840,18.43
56853,18.43
56866,18.43
56881,18.43
56894,18.43
56907,18.43
56921,18.43
56934,18.43
56948,18.43
56962,18.43
56975,18.43
56988,18.43
57001,17.94
57016,18.43
57029,18.43
57042,17.94
57056,18.43
57069,18.43
57083,18.43
57097,18.43
57110,18.43
57123,18.43
57137,18.43
57151,18.43
57164,18.43
57178,18.43
57191,17.94
57205,18.43
57219,18.43
57232,18.43
57245,18.43
57259,18.43
57273,18.43
57286,17.94
57299,18.43
57313,18.43
57326,18.43
57340,18.43
57354,17.94
57367,17.94
57380,18.43
57394,18.43
57408,17.94
57421,18.43
57435,17.94
57448,17.94
57461,18.43
57476,18.43
57489,18.43
57502,17.94
57516,17.94
57529,18.43
57543,18.43
57556,18.43
57570,17.94
57583,18.43
57596,18.43
57611,17.94
57624,17.94
57637,18.43
57651,18.43
57664,17.94
57678,18.43
57692,17.94
57705,18.43
57718,17.94
57732,17.94
57746,18.43
57759,17.94
57773,18.43
57786,18.43
57799,18.43
57814,18.43
57827,17.94
57840,18.43
57853,17.94
57867,17.94
57881,17.94
57894,18.43
57908,18.43
57921,17.94
57934,18.43
57949,17.94
57962,18.43
57975,18.43
57989,17.94
58002,17.94
58016,17.94
58030,17.45
58043,17.94
58056,17.94
58071,17.45
58084,17.94
58097,17.45
58110,17.45
58124,17.94
58138,17.94
58151,17.94
58165,17.94
58178,17.45
58191,18.43
58206,17.94
58219,18.43
58232,17.94
58246,17.94
58259,17.45
58273,17.94
58287,17.45
58300,17.94
58313,17.94
58327,17.45
58341,17.94
58354,17.94
58368,17.94
58381,17.94
58394,17.45
58408,17.94
58422,17.94
58435,17.45
58448,17.94
58462,17.94
58476,18.43
58489,17.94
58503,18.43
58516,17.45
58529,17.94
58544,17.94
58557,18.43
58570,17.94
58584,17.45
58597,17.94
58611,17.94
58625,17.45
58638,17.94
58651,17.94
58664,18.43
58679,17.94
58692,17.45
58705,17.94
58719,17.94
58732,17.45
58746,17.94
58760,18.91
58773,17.94
58786,17.94
58800,17.94
58814,17.94
58827,17.94
58841,18.43
58854,17.94
58867,17.94
58882,17.45
58895,17.94
58908,18.43
58921,17.45
58936,17.94
58949,17.94
58962,18.43
58976,18.43
58989,18.43
59003,18.43
59017,18.43
59030,17.94
59043,18.43
59057,17.94
59071,17.94
59084,17.94
59098,17.45
59111,17.94
59124,17.94
59139,17.45
59152,17.94
59165,17.45
59179,17.94
59192,17.94
59206,17.94
59219,18.43
59233,17.94
59246,18.43
59259,18.43
59274,18.91
59287,55.08
59300,18.91
59314,18.43
59327,18.91
59341,18.91
59355,18.43
59368,18.91
59381,19.40
59395,18.91
59409,18.43
59422,17.94
59436,17.94
59449,17.94
59462,18.43
59476,17.94
59490,17.94
59503,17.45
59516,19.40
59530,18.43
59544,17.94
59557,18.91
59571,17.94
59584,17.94
59597,17.94
59612,17.94
59625,17.94
59638,17.94
59652,17.94
59665,18.43
59679,17.94
59693,17.45
59706,17.94
59719,17.94
59732,17.45
59747,17.94
59760,17.45
59773,17.94
59787,17.94
59801,17.94
59814,18.43
59828,17.94
59841,18.43
59854,17.94
59869,17.94
59882,17.94
59895,17.94
59909,18.43
59922,18.43
59936,17.94
59950,17.45
59963,17.94
59976,18.43
59990,17.45
60004,17.94
60017,17.94
60030,18.43
60044,18.43
60057,17.94
60071,18.43
60085,17.94
60098,18.91
60111,17.94
60125,17.94
60139,17.45
60152,17.94
60166,17.45
60179,17.45
60192,17.94
60207,17.45
60220,17.94
60233,17.45
60247,17.94
60260,18.43
60274,17.94
60288,17.94
60301,17.94
60314,17.94
60327,17.94
60342,17.94
60355,18.43
60368,17.94
60382,17.94
60395,17.45
60409,17.94
60423,17.45
60436,17.94
60449,17.94
60463,17.45
60477,18.43
60490,17.94
60504,17.45
60517,17.94
60530,17.94
60545,17.45
60558,17.94
60571,17.45
60584,17.45
60598,17.94
60612,18.43
60625,17.94
60639,18.43
60652,17.45
60666,17.94
60680,17.45
60693,17.94
60706,17.94
60720,17.94
60734,17.94
60747,17.94
60761,17.45
60774,17.94
60787,17.94
60802,17.45
60815,16.96
60828,17.45
60841,17.94
60855,17.94
60869,16.96
60882,17.94
60896,18.43
60909,17.94
60922,17.94
60937,17.94
60950,17.45
60963,17.94
60977,18.43
60990,16.96
61004,17.94
61018,17.45
61031,17.94
61044,18.43
61058,17.94
61072,17.94
61085,17.94
61099,17.94
61112,18.91
61125,17.94
61139,17.94
61153,18.43
61166,16.96
61179,18.43
61193,17.94
61207,17.45
61220,17.94
61234,17.45
61247,17.45
61260,17.94
61275,17.45
61288,17.94
61301,17.94
61315,17.45
61328,17.94
61342,17.94
61356,17.94
61369,17.94
61382,17.94
61395,17.45
61410,17.94
61423,17.45
61436,18.43
61450,17.94
61463,17.45
61477,17.94
61491,17.45
61504,17.94
61517,17.94
61532,17.45
61545,17.94
61558,17.94
61572,17.45
61585,17.94
61599,17.94
61613,17.45
61626,17.94
61639,17.45
61652,17.45
61667,17.94
61680,17.45
61693,18.43
61707,17.94
61720,17.45
61734,17.94
61748,17.94
61761,17.45
61774,17.94
61788,17.94
61802,17.94
61815,17.94
61829,17.45
61842,17.94
61855,17.94
61870,17.45
61883,17.94
61896,17.94
61910,17.94
61923,17.94
61937,17.94
61950,18.43
61964,17.94
61977,18.43
61990,17.94
62005,17.94
62018,17.45
62031,17.94
62045,18.43
62058,17.45
62072,17.94
62086,17.45
62099,17.94
62112,17.94
62126,17.45
62140,17.94
62153,17.94
62167,17.45
62180,18.43
62193,17.94
62208,17.45
62221,17.94
62234,18.43
62247,17.94
62261,17.94
62275,17.45
62288,17.94
62302,17.94
62315,17.45
62328,17.94
62343,17.94
62356,17.94
62369,17.94
62383,17.45
62397,17.94
62410,17.94
62424,17.45
62437,17.94
62450,17.94
62465,17.45
62478,17.94
62491,18.43
62504,17.94
62518,17.94
62532,17.45
62545,17.94
62559,17.94
62572,17.94
62585,17.94
62600,17.94
62613,17.45
62626,17.94
62640,17.45
62653,17.94
62667,17.94
62681,17.45
62694,17.45
62707,17.45
62721,17.45
62735,17.94
62748,17.94
62761,17.94
62775,18.43
62788,17.45
62802,17.94
62816,17.94
62829,17.94
62842,17.94
62856,17.94
62870,16.96
62883,17.94
62897,17.45
62910,17.94
62923,17.94
62938,17.45
62951,17.94
62964,17.45
62978,17.94
62991,18.43
63005,17.45
63019,17.45
63032,18.43
63045,17.94
63058,17.45
63073,17.94
63086,17.45
63099,17.94
63113,17.94
63126,17.45
63140,17.94
63154,17.45
63167,17.94
63180,17.94
63194,17.94
63208,17.94
63221,17.94
63235,17.94
63248,18.43
63262,17.94
63276,16.96
63289,18.43
63302,17.45
63315,17.94
63330,17.94
63343,17.45
63356,17.94
63370,17.94
63383,17.45
63397,17.94
63411,17.94
63424,17.94
63437,17.94
63451,17.94
63465,17.94
63478,17.94
63492,17.45
63505,17.94
63518,17.94
63533,17.45
63546,17.94
63559,17.94
63572,18.43
63586,17.94
63600,17.45
63613,18.43
63627,17.94
63640,17.94
63653,17.94
63668,17.94
63681,17.45
63694,17.94
63708,17.45
63721,17.45
63735,17.94
63749,17.45
63762,17.94
63775,17.94
63789,17.45
63803,17.94
63816,17.45
63830,18.43
63843,17.94
63856,17.94
63870,17.94
63884,17.94
63897,17.45
63910,17.94
63924,17.94
63938,17.45
63951,17.94
63965,17.45
63978,17.94
63991,17.94
64006,17.94
64019,17.94
64032,17.94
64046,17.94
64059,17.94
64073,17.94
64087,18.43
64100,17.94
64113,18.43
64128,17.45
64141,17.94
64154,17.45
64167,17.94
64181,17.94
64195,17.45
64208,17.94
64222,17.94
64235,17.94
64248,17.94
64263,17.45
64276,17.94
64289,17.94
64303,17.94
64316,17.94
64330,17.94
64344,17.45
64357,17.94
64370,18.43
64384,17.94
64398,17.94
64411,17.94
64424,17.94
64438,17.94
64451,17.94
64465,17.94
64479,17.94
64492,17.94
64505,17.94
64519,17.94
64533,17.94
64546,17.94
64560,17.45
64573,17.45
64586,17.94
64601,17.94
64614,17.94
64627,18.43
64641,17.94
64654,17.94
64668,17.94
64681,18.43
64695,17.94
64708,17.94
64721,17.94
64736,17.94
64749,17.45
64762,17.94
64776,17.94
64789,17.45
64803,17.94
64817,17.94
64830,17.94
64843,17.45
64857,17.94
64871,17.94
64884,17.94
64898,17.94
64911,18.43
64924,17.94
64939,17.94
64952,17.94
64965,17.45
64978,17.94
64993,17.94
65006,17.45
65019,17.45
65033,17.94
65046,17.94
65060,17.94
65074,17.94
65087,17.94
65100,17.94
65114,17.94
65128,17.94
65141,17.94
65155,17.94
65168,18.43
65181,17.94
65196,17.45
65209,17.94
65222,17.94
65235,17.94
65249,17.94
65263,17.94
65276,17.94
65290,17.94
65303,17.94
65316,17.94
65331,17.94
65344,17.94
65357,17.94
65371,17.45
65384,17.94
65398,17.94
65412,17.45
65425,18.43
65438,17.94
65452,17.45
65466,17.94
65479,17.94
65492,17.94
65506,17.94
65519,17.94
65533,17.94
65547,17.94
65560,17.94
65573,17.94
65587,17.94
65601,17.94
65614,17.94
65628,17.94
65641,17.94
65654,18.43
65669,17.94
65682,18.43
65695,17.94
65709,18.43
65722,17.94
65736,17.94
65750,17.94
65763,17.94
65776,17.94
65789,17.94
65804,17.94
65817,17.94
65830,17.94
65844,17.94
65858,17.94
65871,17.94
65885,18.43
65898,17.94
65911,17.94
65926,17.94
65939,18.43
65952,17.94
65966,18.43
65979,17.94
65993,17.94
66007,17.94
66020,17.94
66033,17.94
66046,17.94
66061,17.94
66074,17.94
66087,17.94
66101,17.94
66114,17.94
66128,17.94
66142,17.94
66155,17.94
66168,17.94
66182,18.43
66196,17.94
66209,17.94
66223,18.43
66236,17.94
66249,17.94
66264,17.94
66277,17.94
66290,17.94
66304,17.94
66317,17.94
66331,17.94
66344,17.94
66358,17.94
66371,17.94
66384,17.94
66399,17.94
66412,17.94
66425,17.94
66439,17.94
66452,18.43
66466,17.94
66480,17.94
66493,17.94
66506,17.94
66520,17.94
66534,17.94
66547,17.94
66561,17.94
66574,17.94
66587,17.94
66601,17.94
66615,17.94
66628,17.94
66641,17.94
66655,17.94
66669,17.94
66682,17.94
66696,17.94
66709,17.94
66723,17.94
66737,17.94
66750,17.94
66763,17.94
66777,17.94
66791,17.94
66804,17.94
66818,17.94
66831,17.94
66844,17.94
66859,17.94
66872,17.94
66885,17.94
66898,17.94
66912,17.94
66926,17.94
66939,17.94
66953,17.94
66966,17.94
66979,17.94
66994,17.94
67007,17.94
67020,17.94
67034,17.94
67047,17.94
67061,17.94
67075,17.94
67088,17.94
67101,17.94
67115,17.94
67129,17.94
67142,17.94
67155,18.43
67169,17.94
67182,17.94
67196,17.94
67210,17.94
67223,17.94
67236,17.94
67250,17.94
67264,17.94
67277,17.94
67291,17.94
67304,17.94
67317,17.94
67332,17.94
67345,17.94
67358,17.94
67372,17.94
67385,17.94
67399,17.94
67412,17.94
67426,17.94
67439,17.94
67452,17.94
67467,17.94
67480,17.94
67493,17.94
67507,17.94
67520,17.94
67534,17.94
67548,17.94
67561,17.94
67574,17.94
67589,17.94
67602,17.94
67615,17.94
67629,17.94
67642,17.94
67656,17.94
67670,17.94
67683,17.94
67696,17.94
67709,17.94
67724,17.94
67737,17.94
67750,17.94
67764,17.94
67777,17.94
67791,17.94
67805,17.94
67818,17.94
67831,17.94
67845,17.94
67859,17.94
67872,17.94
67886,17.94
67899,17.94
67912,17.94
67927,17.94
67940,17.94
67953,17.94
67966,17.94
67980,18.43
67994,17.94
68007,17.94
68021,17.94
68034,17.94
68047,17.94
68062,17.94
68075,17.94
68088,17.94
68102,17.94
68115,17.94
68129,17.94
68143,17.94
68156,17.94
68169,17.94
68183,17.94
68197,17.94
68210,17.94
68224,17.94
68237,17.94
68250,17.94
68264,17.94
68278,17.94
68291,17.94
68304,17.94
68318,17.94
68332,17.94
68345,17.94
68359,17.94
68372,17.94
68385,17.94
68400,17.94
68413,17.94
68426,17.94
68440,17.94
68454,17.94
68467,17.94
68481,17.94
68494,17.94
68507,17.94
68521,17.94
68535,17.94
68548,17.94
68561,17.94
68575,17.94
68589,17.94
68602,17.94
68616,17.94
68629,17.94
68642,17.94
68657,17.94
68670,17.94
68683,17.94
68697,17.94
68710,17.94
68724,17.94
68738,17.94
68751,17.94
68764,17.94
68777,17.94
68792,17.94
68805,17.94
68818,17.94
68832,17.94
68845,17.94
68859,17.94
68873,17.94
68886,17.94
68899,17.94
68913,17.94
68927,17.94
68940,17.94
68954,17.94
68967,17.94
68980,17.94
68995,17.94
69008,17.94
69021,17.94
69035,17.94
69048,17.94
69062,17.94
69075,17.94
69089,17.94
69102,17.94
69115,17.94
69130,17.94
69143,17.94
69156,17.94
69170,17.94
69183,17.94
69197,17.94
69211,17.94
69224,17.94
69237,17.94
69251,17.94
69265,17.94
69278,17.94
69292,17.94
69305,17.94
69319,17.94
69332,17.94
69346,17.94
69359,17.94
69372,17.94
69387,17.94
69400,17.94
69413,17.94
69427,17.94
69440,17.94
69454,17.94
69468,17.94
69481,17.94
69494,17.94
69508,17.94
69522,17.94
69535,17.94
69549,17.94
69562,17.94
69575,17.94
69590,17.94
69603,17.94
69616,17.94
69629,17.94
69643,17.94
69657,17.94
69670,17.94
69684,17.94
69697,17.94
69710,17.94
69725,17.94
69738,17.94
69751,17.94
69765,17.94
69778,17.94
69792,17.94
69806,17.94
69819,17.94
69832,17.94
69846,17.94
69860,17.94
69873,17.94
69886,17.94
69900,17.94
69913,17.45
69927,17.94
69941,17.94
69954,17.94
69967,17.94
69981,17.94
69995,17.94
70008,17.94
70022,17.94
70035,17.94
70048,17.94
70063,17.94
70076,17.94
70089,17.94
70103,17.94
70116,17.94
70130,17.94
70144,17.94
70157,17.94
70170,17.94
70184,17.94
70198,17.94
70211,17.94
70224,17.94
70238,17.94
70252,17.94
70265,17.94
70279,17.94
70292,17.94
70305,17.94
70320,17.94
70333,17.94
70346,17.94
70360,17.94
70373,17.94
70387,17.94
70401,17.94
70414,17.94
70427,17.94
70440,17.94
70455,17.94
70468,17.94
70481,17.94
70495,17.94
70508,17.94
70522,17.94
70536,17.94
70549,17.94
70562,17.94
70576,17.94
70590,17.94
70603,17.94
70617,17.94
70630,17.94
70643,17.94
70658,17.94
70671,17.94
70684,17.94
70697,17.94
70711,17.94
70725,17.94
70738,17.94
70752,17.94
70765,17.94
70778,17.94
70793,17.94
70806,17.94
70819,17.94
70833,17.94
70846,17.94
70860,17.94
70874,17.94
70887,17.94
70900,17.94
70914,17.94
70928,17.94
70941,17.94
70955,17.94
70968,17.94
70981,17.94
70995,17.94
71009,17.94
71022,17.94
71035,17.94
71050,17.94
71063,17.94
71076,17.94
71090,17.94
71103,17.94
71117,17.94
71131,17.94
71144,17.94
71157,17.94
71171,17.94
71185,17.94
71198,17.94
71212,17.94
71225,17.94
71238,17.94
71252,17.94
71266,17.94
71279,17.94
71292,17.94
71306,17.94
71320,17.94
71333,17.94
71347,17.94
71360,17.94
71373,17.94
71388,17.94
71401,17.94
71414,17.94
71428,17.94
71441,17.94
71455,17.94
71469,17.94
71482,17.94
71495,17.94
71508,17.94
71523,17.94
71536,17.94
71549,17.94
71563,17.94
71576,17.94
71590,17.94
71604,17.94
71617,17.94
71630,17.94
71644,17.94
71658,17.94
71671,17.94
71685,17.94
71698,17.94
71711,17.94
71726,17.94
71739,17.94
71752,17.94
71766,17.94
71779,17.94
71793,17.94
71806,17.94
71820,17.94
71833,17.94
71846,17.94
71861,17.94
71874,17.45
71887,17.94
71901,17.94
71915,17.94
71928,17.94
71942,17.94
71955,17.94
71968,17.94
71983,17.94
71996,17.94
72009,17.94
72023,17.94
72036,17.94
72050,17.45
72064,17.45
72077,17.94
72090,17.94
72103,17.45
72118,17.94
72131,17.45
72144,17.94
72158,17.45
72171,17.45
72185,17.45
72199,17.45
72212,16.96
72225,17.45
72239,16.96
72253,17.45
72266,17.45
72280,16.96
72293,17.45
72306,16.96
72321,17.94
72334,17.45
72347,16.96
72360,17.45
72374,17.94
72388,17.45
72401,17.45
72415,16.96
72428,16.47
72441,16.96
72456,17.94
72469,16.47
72482,17.45
72496,16.96
72509,17.45
72523,17.94
72537,17.45
72550,17.94
72563,16.96
72577,16.96
72591,17.45
72604,16.96
72617,16.96
72631,17.94
72644,16.47
72658,17.45
72672,17.45
72685,16.96
72698,17.45
72712,16.96
72726,16.96
72739,17.45
72753,17.45
72766,17.45
72780,17.45
72794,17.45
72807,17.45
72820,17.94
72834,16.47
72848,17.45
72861,17.94
72875,16.96
72888,17.94
72901,16.96
72915,18.43
72929,17.94
72942,17.45
72955,18.43
72969,17.45
72983,16.96
72996,17.94
73010,17.45
73023,17.45
73036,17.94
73051,16.96
73064,17.94
73077,17.94
73091,17.45
73104,17.94
73118,17.45
73132,17.45
73145,17.94
73158,17.45
73171,18.91
73186,17.94
73199,17.45
73212,17.94
73226,17.94
73239,17.94
73253,17.94
73267,17.94
73280,16.96
73293,17.94
73307,17.45
73321,18.43
73334,17.94
73348,17.94
73361,17.94
73374,17.94
73389,18.43
73402,18.91
73415,17.94
73428,18.43
73442,17.94
73456,18.91
73469,18.43
73483,17.94
73496,17.45
73509,18.43
73524,18.43
73537,17.45
73550,18.43
73564,17.94
73577,18.91
73591,18.91
73605,17.94
73618,18.43
73631,17.94
73646,18.43
73659,18.91
73672,18.43
73686,17.94
73699,18.43
73713,19.40
73726,17.94
73740,18.43
73753,17.94
73766,18.43
73781,17.94
73794,18.43
73807,18.91
73821,18.43
73834,18.43
73848,18.43
73862,18.43
73875,17.94
73888,18.91
73902,17.94
73916,18.91
73929,18.91
73943,18.91
73956,18.91
73969,19.40
73984,18.43
73997,18.91
74010,17.45
74023,18.91
74037,18.43
74051,18.43
74064,18.91
74078,18.91
74091,17.94
74104,18.91
74119,18.43
74132,17.94
74145,18.43
74159,18.43
74172,18.91
74186,18.43
74200,18.91
74213,19.40
74226,19.40
74240,18.43
74254,19.89
74267,18.91
74280,18.43
74294,18.91
74307,18.43
74321,18.91
74335,18.91
74348,18.43
74361,18.91
74375,17.94
74389,19.40
74402,19.40
74416,18.91
74429,18.91
74442,18.91
74457,19.40
74470,18.91
74483,18.91
74497,17.94
74511,19.89
74524,19.40
74537,18.43
74551,19.40
74564,18.43
74578,19.40
74592,19.89
74605,18.91
74618,19.89
74632,18.91
74646,18.91
74659,19.40
74673,18.91
74686,18.91
74699,19.40
74714,18.43
74727,19.40
74740,19.40
74754,18.43
74767,19.89
74781,18.91
74795,18.91
74808,19.40
74821,18.91
74834,19.40
74849,19.40
74862,19.40
74875,19.40
74889,19.40
74902,19.40
74916,19.40
74930,19.40
74943,18.43
74956,19.40
74970,18.91
74984,19.40
74997,19.40
75011,18.91
75024,19.40
75037,19.40
75052,20.38
75065,19.40
75078,19.40
75091,18.91
75105,19.40
75119,18.91
75132,19.40
75146,19.40
75159,18.91
75172,19.40
75187,18.91
75200,18.91
75213,19.40
75227,19.40
75240,19.89
75254,19.40
75268,19.40
75281,19.40
75294,19.40
75308,20.38
75322,19.40
75335,19.40
75348,18.91
75362,19.40
75376,18.91
75389,19.89
75403,19.89
75416,19.40
75429,19.40
75444,19.40
75457,19.89
75470,19.89
75484,19.40
75497,19.40
75511,19.40
75525,19.89
75538,19.89
75551,19.89
75565,20.38
75579,19.89
75592,20.38
75606,19.89
75619,19.89
75632,19.40
75646,19.89
75660,20.38
75673,19.40
75686,19.89
75700,19.40
75714,18.91
75727,19.40
75741,19.40
75754,18.91
75767,19.89
75782,19.40
75795,19.40
75808,19.89
75822,19.40
75835,20.38
75849,20.38
75863,19.40
75876,19.89
75889,19.89
75902,19.89
75917,19.89
75930,19.89
75943,19.40
75957,19.89
75970,19.40
75984,19.89
75998,19.89
76011,19.40
76024,19.89
76038,19.89
76052,20.38
76065,19.89
76079,19.89
76092,20.38
76105,20.87
76120,18.91
76133,19.89
76146,19.89
76160,18.91
76173,19.89
76187,19.40
76200,19.40
76214,19.89
76227,19.40
76241,20.38
76255,19.40
76268,19.40
76281,19.89
76295,19.89
76309,19.89
76322,19.89
76336,19.89
76349,19.40
76362,20.38
76377,19.40
76390,20.87
76403,19.89
76417,19.40
76430,20.38
76444,19.89
76457,20.38
76471,19.40
76484,19.89
76497,20.38
76512,19.89
76525,20.38
76538,19.89
76552,19.89
76565,19.89
76579,20.38
76593,20.38
76606,20.38
76619,20.38
76633,18.91
76647,20.87
76660,20.38
76674,19.89
76687,20.38
76700,19.89
76715,19.89
76728,20.38
76741,19.40
76754,19.89
76768,19.89
76782,19.40
76795,19.40
76809,20.38
76822,19.40
76835,20.38
76850,19.89
76863,19.89
76876,20.38
76890,19.89
76903,20.87
76917,19.89
76931,19.89
76944,19.89
76957,20.38
76971,19.40
76985,20.38
76998,20.38
77011,19.40
77025,20.38
77038,19.89
77052,20.87
77066,20.38
77079,19.89
77092,20.38
77107,19.89
77120,19.40
77133,20.38
77147,19.89
77160,20.38
77174,20.38
77188,20.87
77201,19.40
77214,20.38
77228,19.89
77242,20.38
77255,19.89
77268,19.89
77282,20.38
77295,19.89
77309,20.38
77323,19.89
77336,19.89
77349,19.89
77363,20.38
77377,19.40
77390,20.38
77404,20.38
77417,20.38
77430,20.38
77445,20.87
77458,20.38
77471,20.38
77485,19.89
77498,20.38
77512,20.38
77526,20.38
77539,20.38
77552,20.38
77565,19.40
77580,20.38
77593,20.87
77606,19.40
77620,20.38
77633,19.89
77647,20.38
77661,20.87
77674,19.89
77687,20.87
77701,20.87
77715,20.38
77728,20.87
77742,20.38
77755,19.89
77768,19.89
77783,19.89
77796,19.89
77809,20.38
77822,19.89
77836,20.38
77850,19.89
77863,20.38
77877,20.38
77890,19.89
77903,20.87
77918,20.38
77931,20.38
77944,20.38
77958,20.38
77972,19.89
77985,20.87
77999,20.38
78012,19.89
78025,20.38
78040,19.89
78053,20.87
78066,20.87
78080,19.89
78093,20.38
78107,20.38
78120,20.38
78134,20.87
78147,20.38
78160,20.38
78175,20.38
78188,19.89
78201,19.40
78215,19.89
78228,19.89
78242,21.36
78256,19.89
78269,19.89
78282,20.38
78296,20.38
78310,20.38
78323,20.38
78337,20.38
78350,20.87
78363,20.38
78377,19.89
78391,20.38
78404,20.38
78417,19.89
78431,20.38
78445,19.89
78458,20.38
78472,20.87
78485,20.38
78498,20.87
78513,20.38
78526,21.36
78539,20.87
78553,20.38
78566,20.38
78580,20.38
78594,20.87
78607,19.40
78620,20.38
78633,19.89
78648,20.38
78661,20.87
78674,19.89
78688,20.38
78701,20.38
78715,20.87
78729,21.36
78742,20.38
78755,20.38
78769,20.38
78783,21.36
78796,20.38
78810,20.38
78823,19.89
78837,20.38
78851,19.89
78864,20.38
78877,20.38
78891,20.38
78905,20.38
78918,20.38
78931,20.38
78945,20.87
78958,20.38
78972,20.38
78986,20.38
78999,20.38
79012,19.89
79026,20.87
79040,21.36
79053,20.38
79067,20.87
79080,20.38
79093,20.87
79108,20.38
79121,20.87
79134,21.36
79148,20.38
79161,20.87
79175,20.87
79188,20.38
79202,20.87
79215,20.38
79228,20.38
79243,20.38
79256,19.89
79269,20.38
79283,20.87
79296,21.36
79310,20.87
79324,21.36
79337,20.38
79350,20.87
79364,20.38
79378,20.38
79391,20.87
79405,20.38
79418,19.89
79431,20.87
79446,19.89
79459,20.87
79472,20.38
79485,20.38
79499,20.87
79513,20.38
79526,20.87
79540,21.36
79553,20.38
79566,20.38
79581,21.36
79594,20.87
79607,20.87
79621,20.87
79634,19.89
79648,20.38
79662,20.87
79675,20.38
79688,20.87
79703,20.38
79716,20.87
79729,21.36
79742,20.38
79756,20.87
79770,20.87
79783,20.87
79797,20.87
79810,20.87
79823,20.38
79838,21.36
79851,20.38
79864,20.38
79878,20.87
79891,20.38
79905,20.38
79919,20.38
79932,20.38
79945,21.36
79959,20.38
79973,20.38
79986,20.87
80000,20.87
80013,20.38
80026,20.87
80040,19.89
80054,20.87
80067,20.87
80080,20.38
80094,20.87
80108,20.38
80121,21.36
80135,20.87
80148,20.38
80161,20.87
80176,20.87
80189,19.89
80202,20.87
80216,20.87
80229,21.36
80243,20.87
80257,20.38
80270,20.38
80283,20.87
80296,20.38
80311,21.36
80324,19.89
80337,20.38
80351,20.87
80364,20.87
80378,21.36
80392,20.87
80405,20.87
80418,19.89
80432,20.87
80446,20.38
80459,20.87
80473,20.87
80486,20.38
80499,20.87
80514,20.38
80527,20.87
80540,21.36
80553,20.38
80568,20.87
80581,20.87
80594,21.36
80608,20.38
80621,20.87
80635,21.36
80649,20.87
80662,21.36
80675,20.38
80689,20.87
80703,20.38
80716,21.36
80730,21.36
80743,20.38
80756,20.87
80771,20.87
80784,19.89
80797,21.36
80811,20.38
80824,19.89
80838,20.87
80851,20.87
80865,20.38
80878,20.87
80891,20.38
80906,20.87
80919,21.36
80932,20.87
80946,20.87
80959,20.38
80973,20.38
80987,20.87
81000,20.87
81013,20.38
81027,20.87
81041,19.89
81054,20.87
81068,20.87
81081,20.38
81094,20.87
81108,20.87
81122,20.87
81135,20.87
81148,20.87
81162,20.87
81176,21.85
81189,19.89
81203,20.87
81216,20.38
81229,20.38
81244,20.87
81257,20.38
81270,20.38
81284,20.87
81297,20.38
81311,21.36
81325,20.87
81338,20.38
81351,20.87
81364,20.87
81379,20.38
81392,20.87
81405,20.87
81419,20.38
81433,21.36
81446,20.38
81460,21.36
81473,20.87
81486,20.38
81501,20.87
81514,20.38
81527,20.87
81541,21.36
81554,20.87
81568,20.87
81582,20.87
81595,21.36
81608,20.38
81622,20.87
81636,20.38
81649,20.87
81662,21.36
81676,20.38
81689,20.87
81703,20.38
81717,21.36
81730,21.36
81743,20.38
81757,20.87
81771,20.87
81784,20.38
81798,21.36
81811,20.87
81824,20.87
81839,20.87
81852,20.38
81865,20.38
81879,20.87
81892,20.38
81906,20.87
81920,20.87
81933,20.87
81946,21.36
81959,20.87
81974,21.85
81987,20.87
82000,20.87
82014,20.38
82027,20.87
82041,19.89
82055,20.87
82068,20.87
82081,20.38
82095,20.87
82109,20.38
82122,21.36
82136,20.87
82149,20.38
82162,20.87
82177,20.87
82190,20.38
82203,20.87
82216,20.87
82230,21.36
82244,20.87
82257,21.85
82271,20.38
82284,20.87
82298,20.38
82312,20.87
82325,20.87
82338,20.38
82352,21.85
82366,20.87
82379,20.87
82393,20.87
82406,20.87
82419,20.38
82434,20.87
82447,20.38
82460,20.87
82473,20.87
82487,20.38
82501,20.87
82514,21.85
82528,21.36
82541,20.87
82554,20.38
82569,21.36
82582,20.87
82595,21.36
82609,20.87
82622,20.87
82636,20.38
82650,20.87
82663,21.36
82676,20.38
82690,20.87
82704,20.38
82717,21.36
82731,21.36
82744,20.38
82757,21.36
82771,21.85
82785,20.87
82798,21.36
82811,20.87
82825,20.87
82839,20.87
82852,20.38
82866,20.87
82879,20.87
82892,20.38
82907,20.87
82920,20.38
82933,20.87
82947,20.87
82960,20.87
82974,21.36
82988,20.87
83001,19.89
83014,20.87
83027,20.87
83042,19.89
83055,21.85
83068,20.87
83082,20.38
83095,20.87
83109,20.38
83123,21.36
83136,20.87
83149,20.38
83164,21.85
83177,20.87
83190,20.87
83204,20.87
83217,20.87
83231,20.87
83245,20.87
83258,20.38
83271,20.38
83284,20.87
83299,20.38
83312,21.85
83325,20.87
83339,20.38
83352,20.87
83366,20.87
83380,21.36
83393,20.87
83406,20.38
83420,20.87
83434,20.87
83447,19.89
83461,20.87
83474,20.87
83487,20.38
83502,20.87
83515,20.87
83528,21.36
83542,21.36
83555,20.38
83569,21.36
83582,20.87
83596,21.85
83609,21.36
83622,20.87
83637,20.38
83650,20.87
83663,21.36
83677,20.38
83690,20.87
83704,20.38
83718,20.38
83731,21.36
83744,20.38
83758,21.36
83772,20.87
83785,20.87
83799,21.85
83812,20.87
83825,20.87
83840,20.87
83853,21.85
83866,20.87
83879,20.87
83893,20.38
83907,20.87
83920,20.38
83934,20.38
83947,20.87
83960,20.38
83975,20.87
83988,20.87
84001,20.87
84015,21.36
84029,20.87
84042,19.89
84056,20.87
84069,20.87
84082,20.38
84097,20.87
84110,21.85
84123,20.87
84136,21.36
84150,20.38
84164,21.36
84177,20.87
84191,20.87
84204,21.36
84217,20.87
84232,20.87
84245,20.87
84258,20.38
84272,20.87
84285,20.87
84299,20.38
84313,20.87
84326,20.38
84339,20.87
84353,20.87
84367,21.36
84380,20.87
84393,21.85
84407,20.87
84420,21.36
84434,20.38
84448,19.89
84461,20.87
84474,20.87
84488,20.38
84502,20.87
84515,20.38
84529,21.36
84542,21.36
84555,20.38
84570,21.85
84583,20.87
84596,21.36
84610,20.87
84623,20.87
84637,20.87
84651,21.85
84664,21.36
84677,20.87
84690,20.87
84705,20.38
84718,20.87
84731,21.36
84745,20.38
84758,20.87
84772,20.87
84786,20.87
84799,21.36
84812,20.87
84826,20.87
84840,20.87
84853,20.38
84867,20.87
84880,20.87
84894,20.38
84908,21.85
84921,20.38
84934,20.38
84947,20.87
84962,20.38
84975,20.87
84988,20.87
85002,20.87
85015,21.36
85029,20.87
85043,20.87
85056,20.87
85069,20.87
85083,20.38
85097,20.87
85110,20.87
85124,20.87
85137,21.36
85150,20.38
85165,21.36
85178,20.87
85191,21.85
85204,21.36
85218,20.87
85232,20.87
85245,20.87
85259,20.38
85272,20.87
85285,20.87
85300,20.38
85313,20.87
85326,20.38
85340,21.36
85353,21.36
85367,20.87
85381,20.87
85394,20.87
85407,20.87
85421,20.87
85435,20.87
85448,21.85
85462,20.87
85475,20.87
85488,20.38
85502,20.87
85516,20.38
85529,21.36
85542,21.36
85556,20.87
85570,21.36
85583,20.87
85597,20.87
85610,21.85
85623,20.87
85638,20.87
85651,20.87
85664,21.36
85678,21.36
85691,20.87
85705,21.85
85719,20.87
85732,21.36
85745,20.38
85760,20.87
85773,20.38
85786,20.87
85799,21.36
85813,20.38
85827,21.36
85840,20.87
85854,20.87
85867,21.36
85880,20.87
85895,20.38
85908,20.87
85921,20.38
85935,20.38
85948,21.36
85962,20.87
85976,21.36
85989,21.85
86002,20.87
86016,21.36
86030,20.87
86043,20.87
86056,20.87
86070,20.87
86083,20.87
86097,20.38
86111,20.38
86124,20.87
86137,21.36
86151,20.87
86165,21.36
86178,20.87
86192,20.87
86205,21.36
86218,20.87
86233,21.36
86246,21.85
86259,20.87
86273,20.87
86286,20.87
86300,20.38
86313,20.87
86327,20.38
86340,20.38
86353,21.36
86368,20.38
86381,21.36
86394,20.87
86408,20.38
86421,21.85
86435,20.87
86449,20.87
86462,20.87
86475,20.87
86489,20.87
86503,21.85
86516,20.38
86530,21.85
86543,21.36
86556,20.38
86571,21.36
86584,20.87
86597,21.36
86610,21.36
86625,21.36
86638,20.87
86651,20.87
86665,21.36
86678,20.87
86692,20.87
86706,20.38
86719,20.87
86732,21.85
86746,20.38
86760,21.36
86773,20.87
86787,21.85
86800,21.36
86813,20.87
86828,21.36
86841,20.87
86854,20.87
86867,21.85
86881,20.87
86895,21.36
86908,21.36
86922,20.38
86935,20.38
86948,21.36
86963,20.38
86976,21.36
86989,20.87
87003,20.87
87016,21.36
87030,20.38
87044,21.85
87057,20.87
87070,20.87
87084,20.87
87098,20.87
87111,20.38
87124,20.87
87138,21.36
87151,20.38
87165,20.87
87179,20.87
87192,21.36
87205,19.89
87219,20.87
87233,20.87
87246,20.87
87260,20.87
87273,21.36
87286,20.87
87301,21.36
87314,20.87
87327,21.85
87341,20.38
87354,20.87
87368,20.87
87382,21.36
87395,20.87
87408,20.87
87421,21.36
87436,20.87
87449,21.36
87462,20.87
87476,20.38
87490,20.87
87503,20.87
87517,20.38
87530,21.36
87543,21.36
87558,20.38
87571,21.36
87584,21.85
87598,21.36
87611,21.36
87625,20.87
87639,21.36
87652,20.87
87665,21.36
87678,20.87
87693,20.87
87706,20.38
87719,20.87
87733,21.36
87746,20.38
87760,21.36
87774,20.87
87787,21.36
87800,21.36
87814,20.87
87828,21.85
87841,21.85
87855,20.87
87868,21.36
87881,20.87
87896,21.36
87909,20.87
87922,20.38
87936,20.38
87949,21.36
87963,20.38
87976,21.36
87990,20.87
88003,20.87
88016,21.36
88031,20.87
88044,20.87
88057,20.87
88071,20.87
88084,20.87
88098,20.87
88112,20.38
88125,21.85
88138,21.36
88152,20.38
88166,21.36
88179,20.87
88193,20.87
88206,21.36
88219,20.87
88233,21.36
88247,20.87
88260,20.87
88273,21.36
88287,20.87
88301,20.38
88314,20.87
88328,20.38
88341,20.38
88355,21.36
88369,20.38
88382,21.85
88395,20.87
88409,20.87
88423,21.85
88436,20.87
88450,21.36
88463,20.87
88476,20.87
88491,20.87
88504,21.36
88517,20.38
88530,21.36
88544,21.36
88558,20.38
88571,21.36
88585,20.87
88598,21.36
88611,21.36
88626,20.87
88639,21.85
88652,20.87
88666,21.85
88679,21.36
88693,20.87
88707,20.38
88720,21.36
88733,21.36
88747,21.36
88761,21.36
88774,20.87
88787,21.36
88801,21.36
88814,20.87
88828,21.36
88842,20.87
88855,20.87
88868,21.85
88882,20.87
88896,21.36
88909,21.36
88923,21.85
88936,20.87
88949,21.36
88964,20.38
88977,21.36
88990,20.87
89004,20.87
89017,21.36
89031,20.87
89044,21.36
89058,20.87
89071,20.87
89084,21.36
89099,20.87
89112,19.89
89125,21.36
89139,21.36
89152,20.38
89166,21.36
89180,21.85
89193,21.36
89206,21.36
89221,20.87
89234,21.85
89247,20.87
89261,20.87
89274,21.36
89288,20.87
89302,20.87
89315,20.87
89328,20.38
89341,20.38
89356,20.87
89369,20.38
89382,21.36
89396,20.87
89409,20.87
89423,21.36
89437,21.85
89450,21.36
89463,21.85
89477,20.87
89491,20.87
89504,21.36
89518,20.38
89531,21.36
89544,21.36
89559,20.38
89572,21.36
89585,20.87
89598,21.36
89612,21.36
89626,20.87
89639,21.36
89653,20.87
89666,20.87
89679,21.36
89694,20.87
89707,20.87
89720,21.85
89734,21.36
89747,20.38
89761,21.36
89775,20.87
89788,21.36
89801,21.36
89815,20.38
89829,21.36
89842,20.87
89856,21.36
89869,21.36
89882,20.87
89896,20.87
89910,21.36
89923,20.38
89936,21.36
89950,21.36
89964,20.38
89977,21.85
89991,20.87
90004,20.87
90017,21.36
90032,20.87
90045,21.36
90058,20.87
90072,21.36
90086,21.36
90099,20.87
90113,20.38
90126,21.36
90139,21.36
90153,20.38
90167,20.87
90180,20.87
90193,21.36
90207,21.36
90221,20.87
90234,21.36
90248,20.38
90261,21.85
90274,21.36
90289,21.36
90302,21.36
90315,21.36
90329,20.87
90342,20.87
90356,21.36
90370,20.87
90383,21.36
90396,21.36
90409,21.36
90424,21.36
90437,21.36
90450,21.36
90464,21.36
90477,21.36
90491,21.36
90505,21.36
90518,21.85
90531,21.85
90545,21.85
90559,21.36
90572,21.85
90586,21.36
90599,21.85
90612,21.85
90627,21.85
90640,21.85
90653,21.85
90667,21.85
90680,21.85
90694,21.85
90707,21.36
90721,21.85
90734,21.85
90747,21.85
90762,21.85
90775,21.85
90788,21.85
90802,21.85
90815,21.36
90829,21.36
90843,21.36
90856,21.36
90869,21.85
90883,21.36
90897,21.36
90910,21.85
90924,21.36
90937,21.85
90951,21.36
90964,21.36
90978,21.36
90991,21.36
91004,21.36
91019,21.36
91032,21.36
91045,21.36
91059,21.85
91072,21.36
91086,21.36
91100,21.36
91113,21.36
91126,21.36
91140,21.36
91154,21.36
91167,21.36
91181,21.36
91194,21.36
91207,21.36
91222,21.36
91235,21.36
91248,21.36
91261,21.36
91275,21.36
91289,21.36
91302,21.36
91316,21.36
91329,21.36
91342,21.36
91357,21.36
91370,21.36
91383,21.36
91397,21.36
91410,21.36
91424,21.36
91438,21.36
91451,21.36
91464,21.36
91478,21.36
91492,21.36
91505,21.36
91518,21.36
91532,21.36
91545,21.36
91559,20.87
91573,21.36
91586,21.36
91599,21.36
91613,21.36
91627,21.36
91640,21.36
91654,21.36
91667,21.36
91680,21.36
91695,21.36
91708,21.36
91721,21.36
91735,21.36
91748,20.87
91762,21.36
91776,21.36
91789,21.36
91802,21.36
91816,20.87
91830,21.36
91843,21.36
91856,21.36
91870,21.36
91884,21.36
91897,21.36
91911,21.36
91924,20.87
91937,20.87
91952,21.36
91965,20.87
91978,21.36
91992,21.36
92005,21.36
92019,21.36
92033,21.36
92046,20.87
92059,21.36
92072,21.36
92087,21.36
92100,21.36
92113,21.36
92127,20.87
92140,21.36
92154,20.87
92168,20.87
92181,20.87
92194,20.87
92208,21.36
92222,20.87
92235,21.36
92249,21.36
92262,20.87
92275,20.87
92290,20.87
92303,20.87
92316,20.87
92329,20.87
92343,20.87
92357,20.87
92370,21.36
92384,20.87
92397,21.36
92410,20.87
92425,20.87
92438,20.87
92451,20.87
92465,20.87
92478,20.87
92492,20.87
92506,20.87
92519,20.87
92532,20.87
92546,20.87
92560,20.87
92573,20.87
92587,20.87
92600,20.87
92613,20.87
92627,20.87
92641,20.87
92654,21.36
92667,20.87
92682,20.87
92695,20.87
92708,20.87
92722,20.87
92735,20.87
92749,20.87
92763,20.87
92776,20.87
92789,20.87
92803,20.87
92817,20.87
92830,20.87
92844,20.87
92857,20.87
92870,21.36
92884,20.87
92898,20.87
92911,20.87
92924,20.87
92938,20.87
92952,20.87
92965,20.87
92979,20.87
92992,20.87
93005,20.87
93020,20.87
93033,20.87
93046,20.87
93060,20.87
93073,20.87
93087,20.87
93101,20.87
93114,20.38
93127,20.87
93140,20.87
93155,20.87
93168,20.87
93181,20.87
93195,20.87
93208,20.87
93222,20.87
93236,20.87
93249,20.87
93262,20.87
93276,20.87
93290,20.87
93303,20.38
93317,20.87
93330,20.38
93343,20.38
93358,20.87
93371,20.87
93384,20.87
93398,20.87
93411,20.87
93425,20.87
93438,20.87
93452,20.87
93465,20.87
93478,20.87
93493,20.87
93506,20.87
93519,20.38
93533,20.87
93547,20.87
93560,20.38
93574,20.87
93587,20.87
93600,20.87
93615,20.87
93628,20.87
93641,20.38
93655,20.87
93668,20.87
93682,20.87
93696,20.87
93709,20.87
93722,20.38
93735,20.87
93750,20.38
93763,20.87
93776,20.38
93790,20.38
93803,20.87
93817,20.38
93831,20.87
93844,20.87
93857,20.38
93871,20.87
93885,20.38
93898,20.38
93912,20.87
93925,20.38
93938,20.87
93953,20.87
93966,20.38
93979,20.38
93992,20.87
94006,20.87
94020,20.38
94033,20.38
94047,20.38
94060,20.38
94073,20.38
94088,20.87
94101,20.38
94114,20.38
94128,20.38
94141,20.38
94155,20.38
94169,20.38
94182,20.38
94195,20.87
94209,20.38
94223,20.38
94236,20.38
94249,20.87
94263,20.38
94276,20.38
94290,20.38
94304,20.38
94317,20.38
94330,20.38
94344,20.38
94358,20.38
94371,20.38
94385,20.38
94398,20.38
94412,20.38
94426,20.38
94439,20.38
94452,20.38
94466,20.38
94480,20.38
94493,20.38
94507,20.38
94520,20.38
94533,20.87
94547,20.38
94561,20.38
94574,20.38
94587,20.38
94601,20.38
94615,20.38
94628,20.38
94642,20.38
94655,20.38
94668,20.38
94683,20.38
94696,20.38
94709,20.38
94723,20.38
94736,20.38
94750,20.38
94764,20.38
94777,20.38
94790,20.38
94803,20.38
94818,20.38
94831,20.38
94844,20.38
94858,20.38
94871,20.38
94885,20.38
94899,20.38
94912,20.38
94925,20.38
94939,20.38
94953,20.38
94966,20.38
94980,20.38
94993,20.38
95006,20.38
95021,20.38
95034,20.38
95047,20.38
95060,20.38
95074,20.38
95088,20.38
95101,20.38
95115,20.38
95128,20.38
95141,20.38
95156,20.38
95169,20.38
95182,20.38
95196,20.38
95209,20.38
95223,20.38
95237,20.38
95250,20.38
95263,20.38
95278,20.38
95291,20.38
95304,20.38
95318,20.38
95331,20.38
95345,20.38
95358,20.38
95372,20.38
95385,20.38
95398,20.38
95413,20.38
95426,20.38
95439,20.38
95453,20.38
95466,20.38
95480,20.38
95494,20.38
95507,20.38
95520,19.89
95534,20.38
95548,20.38
95561,20.38
95575,20.38
95588,20.38
95601,20.38
95616,20.38
95629,20.38
95642,20.38
95655,20.38
95669,20.38
95683,20.38
95696,20.38
95710,20.38
95723,20.38
95736,20.38
95751,19.89
95764,20.38
95777,20.38
95791,20.38
95804,20.38
95818,20.38
95832,20.38
95845,20.38
95858,20.38
95872,20.38
95886,20.38
95899,20.38
95912,20.38
95926,19.89
95939,20.38
95953,20.38
95967,19.89
95980,20.38
95993,20.38
96007,20.38
96021,20.38
96034,20.38
96048,20.38
96061,20.38
96074,20.38
96089,20.38
96102,20.38
96115,19.89
96129,20.38
96143,20.38
96156,19.89
96169,20.38
96183,19.89
96196,19.89
96210,20.38
96224,19.89
96237,20.38
96250,20.38
96264,19.89
96278,20.38
96291,19.89
96305,20.38
96318,20.38
96331,20.38
96346,20.38
96359,20.38
96372,19.89
96386,20.38
96399,20.38
96413,19.89
96427,20.38
96440,20.38
96453,20.38
96466,19.89
96481,19.89
96494,20.38
96507,19.89
96521,19.89
96534,20.38
96548,19.89
96562,20.38
96575,19.89
96588,19.89
96602,20.38
96616,20.38
96629,19.89
96643,20.38
96656,19.89
96669,20.38
96684,20.38
96697,19.89
96710,19.89
96723,20.38
96737,19.89
96751,19.89
96764,19.89
96778,19.89
96791,19.89
96804,19.89
96819,19.89
96832,19.89
96845,19.89
96859,19.89
96872,19.89
96886,19.89
96900,19.89
96913,19.89
96926,20.38
96940,19.89
96954,19.89
96967,19.89
96980,19.89
96994,19.89
97008,19.89
97021,19.89
97035,19.89
97048,19.89
97061,19.89
97076,19.89
97089,19.89
97102,19.89
97116,19.89
97129,19.89
97143,19.89
97157,19.89
97170,19.89
97183,19.89
97197,19.89
97211,19.89
97224,19.89
97238,19.89
97251,19.89
97264,19.89
97278,19.89
97292,19.89
97305,19.89
97318,19.89
97332,19.89
97346,19.89
97359,19.89
97373,19.89
97386,19.89
97399,19.89
97414,19.89
97427,19.89
97440,19.89
97454,19.89
97467,19.89
97481,19.89
97495,19.89
97508,19.89
97521,19.89
97534,19.89
97549,19.89
97562,19.89
97575,19.89
97589,19.89
97602,19.89
97616,19.89
97630,19.89
97643,19.89
97656,19.89
97670,19.89
97684,19.89
97697,19.89
97711,19.40
97724,19.89
97737,19.89
97752,18.91
97765,19.40
97778,19.40
97792,19.40
97805,19.89
97819,19.40
97832,19.89
97846,19.40
97859,19.89
97873,19.89
97887,19.40
97900,19.40
97913,19.40
97927,18.91
97941,19.40
97954,19.40
97968,18.91
97981,19.89
97994,18.91
98009,18.91
98022,19.40
98035,19.40
98049,19.40
98062,19.40
98076,19.40
98089,19.40
98103,19.40
98116,18.91
98129,19.40
98144,19.40
98157,18.91
98170,19.40
98184,18.91
98197,19.40
98211,19.40
98225,18.91
98238,19.40
98251,19.40
98265,19.89
98279,19.40
98292,19.40
98306,19.40
98319,19.40
98332,18.91
98347,18.91
98360,19.40
98373,18.91
98386,19.40
98400,18.91
98414,18.91
98427,19.40
98441,19.40
98454,19.40
98467,19.40
98482,18.91
98495,19.40
98508,18.91
98522,19.89
98535,19.40
98549,19.40
98563,18.91
98576,19.40
98589,18.91
98603,19.40
98617,19.40
98630,18.91
98643,19.40
98657,19.40
98670,19.40
98684,19.89
98698,19.40
98711,19.40
98724,19.40
98739,19.89
98752,19.89
98765,19.40
98779,19.89
98792,19.40
98806,19.89
98820,18.91
98833,19.40
98846,19.40
98860,19.40
98874,19.89
98887,19.40
98900,19.40
98914,19.40
98927,19.89
98941,19.89
98955,19.40
98968,18.91
98981,19.40
98995,19.40
99009,19.40
99022,19.40
99036,19.40
99049,19.89
99062,20.38
99077,19.40
99090,19.89
99103,19.40
99117,18.91
99130,19.40
99144,19.89
99158,18.91
99171,19.40
99184,19.40
99197,19.40
99212,19.89
99225,19.40
99238,19.40
99252,19.40
99265,19.40
99279,19.89
99293,19.40
99306,19.40
99319,20.38
99333,18.91
99347,18.91
99360,19.89
99374,19.89
99387,19.89
99400,19.40
99415,19.40
99428,19.89
99441,19.40
99454,19.89
99468,19.89
99482,19.40
99495,19.89
99509,19.89
99522,18.91
99535,19.89
99550,19.89
99563,18.91
99576,20.38
99590,19.40
99604,20.38
99617,19.89
99631,19.40
99644,19.89
99657,19.89
99672,19.89
99685,19.89
99698,19.89
99712,18.91
99725,19.89
99739,19.89
99752,18.91
99766,19.89
99779,19.40
99792,19.89
99807,20.38
99820,19.40
99833,20.38
99847,19.89
99860,20.38
99874,19.89
99888,19.89
99901,19.40
99914,19.89
99928,19.40
99942,19.40
99955,19.89
99969,19.40
99982,19.89
99995,19.40
100009,19.40
100024,19.89
100038,19.89
100052,19.89
100067,19.89
100082,19.40
100097,19.40
100111,19.89
100125,20.38
100141,19.89
100155,19.89
100169,20.38
100184,19.40
100198,19.89
100213,20.38
100228,19.89
100242,19.40
100256,20.38
100272,20.38
100286,19.40
100300,19.89
100315,19.89
100329,19.89
100344,19.89
100359,19.40
100373,19.89
100387,20.38
100403,19.89
100417,19.89
100431,19.89
100446,19.40
100460,19.40
100475,19.89
100490,19.89
100504,20.38
100518,19.89
100533,20.38
100548,18.91
100562,19.40
100577,19.89
100591,19.89
100606,20.38
100621,19.89